path,kind,section,source_path,size_bytes,modified_time,action,reason
experiments/organized/ablations/01_council_ablation/summary/benchmark_v1_fullchain_ab_20.csv,copied_useful_file,ablations/01_council_ablation,experiments/paper_method_view/4_ablations/council/benchmark_v1_fullchain_ab_20.csv,2334,2026-04-21T09:51:05,keep,Selected useful experiment artifact copied into organized structure
experiments/organized/ablations/01_council_ablation/summary/benchmark_v1_fullchain_ab_summary.json,copied_useful_file,ablations/01_council_ablation,experiments/paper_method_view/4_ablations/council/benchmark_v1_fullchain_ab_summary.json,1366,2026-04-21T09:51:05,keep,Selected useful experiment artifact copied into organized structure
experiments/organized/ablations/01_council_ablation/summary/benchmark_v1_fullchain_no_council_20.json,copied_useful_file,ablations/01_council_ablation,experiments/paper_method_view/4_ablations/council/benchmark_v1_fullchain_no_council_20.json,561734,2026-04-21T09:51:05,keep,Selected useful experiment artifact copied into organized structure
experiments/organized/ablations/01_council_ablation/summary/benchmark_v1_worldview_ab_20.csv,copied_useful_file,ablations/01_council_ablation,experiments/paper_method_view/4_ablations/council/benchmark_v1_worldview_ab_20.csv,1938,2026-04-21T09:51:05,keep,Selected useful experiment artifact copied into organized structure
experiments/organized/ablations/01_council_ablation/summary/benchmark_v1_worldview_no_council_20.json,copied_useful_file,ablations/01_council_ablation,experiments/paper_method_view/4_ablations/council/benchmark_v1_worldview_no_council_20.json,145685,2026-04-21T09:51:05,keep,Selected useful experiment artifact copied into organized structure
experiments/organized/ablations/01_council_ablation/summary/benchmark_v1_worldview_no_council_20_repeat.json,copied_useful_file,ablations/01_council_ablation,experiments/paper_method_view/4_ablations/council/benchmark_v1_worldview_no_council_20_repeat.json,135851,2026-04-21T09:51:05,keep,Selected useful experiment artifact copied into organized structure
experiments/organized/ablations/01_council_ablation/summary/benchmark_v1_fullchain_default_20.json,copied_useful_file,ablations/01_council_ablation,experiments/paper_modules/3_ablations/council_ablation/benchmark_v1_fullchain_default_20.json,567712,2026-04-21T09:51:05,keep,Selected useful experiment artifact copied into organized structure
experiments/organized/ablations/01_council_ablation/summary/benchmark_v1_worldview_default_20.json,copied_useful_file,ablations/01_council_ablation,experiments/paper_modules/3_ablations/council_ablation/benchmark_v1_worldview_default_20.json,143019,2026-04-21T09:51:05,keep,Selected useful experiment artifact copied into organized structure
experiments/organized/ablations/01_council_ablation/summary/benchmark_v1_worldview_default_20_repeat.json,copied_useful_file,ablations/01_council_ablation,experiments/paper_modules/3_ablations/council_ablation/benchmark_v1_worldview_default_20_repeat.json,139673,2026-04-21T09:51:05,keep,Selected useful experiment artifact copied into organized structure
experiments/organized/ablations/01_council_ablation/summary/worldview_default_vs_no_council_8.csv,copied_useful_file,ablations/01_council_ablation,experiments/paper_modules/3_ablations/council_ablation/worldview_default_vs_no_council_8.csv,1107,2026-04-21T09:51:05,keep,Selected useful experiment artifact copied into organized structure
experiments/organized/ablations/02_pregeneration_ablation/summary/benchmark_v2_pregen_ablation_stage1_summary.json,copied_useful_file,ablations/02_pregeneration_ablation,experiments/paper_method_view/4_ablations/pregeneration/benchmark_v2_pregen_ablation_stage1_summary.json,3941,2026-04-21T09:51:05,keep,Selected useful experiment artifact copied into organized structure
experiments/organized/ablations/02_pregeneration_ablation/summary/benchmark_v2_pregen_ablation_stage1_table.csv,copied_useful_file,ablations/02_pregeneration_ablation,experiments/paper_method_view/4_ablations/pregeneration/benchmark_v2_pregen_ablation_stage1_table.csv,419,2026-04-21T09:51:05,keep,Selected useful experiment artifact copied into organized structure
experiments/organized/ablations/02_pregeneration_ablation/summary/benchmark_v3_fullchain_pregen_off_clean12.json,copied_useful_file,ablations/02_pregeneration_ablation,experiments/paper_method_view/4_ablations/pregeneration/benchmark_v3_fullchain_pregen_off_clean12.json,337542,2026-04-21T09:51:05,keep,Selected useful experiment artifact copied into organized structure
experiments/organized/ablations/02_pregeneration_ablation/summary/benchmark_v3_fullchain_pregen_on_clean12.json,copied_useful_file,ablations/02_pregeneration_ablation,experiments/paper_method_view/4_ablations/pregeneration/benchmark_v3_fullchain_pregen_on_clean12.json,339000,2026-04-21T09:51:05,keep,Selected useful experiment artifact copied into organized structure
experiments/organized/ablations/02_pregeneration_ablation/summary/benchmark_v3_pregen_clean_ablation_summary.json,copied_useful_file,ablations/02_pregeneration_ablation,experiments/paper_method_view/4_ablations/pregeneration/benchmark_v3_pregen_clean_ablation_summary.json,5549,2026-04-21T09:51:05,keep,Selected useful experiment artifact copied into organized structure
experiments/organized/ablations/02_pregeneration_ablation/summary/benchmark_v3_pregen_clean_ablation_table.csv,copied_useful_file,ablations/02_pregeneration_ablation,experiments/paper_method_view/4_ablations/pregeneration/benchmark_v3_pregen_clean_ablation_table.csv,958,2026-04-21T09:51:05,keep,Selected useful experiment artifact copied into organized structure
experiments/organized/ablations/02_pregeneration_ablation/summary/benchmark_v2_pregen_runs_invalidated.json,copied_useful_file,ablations/02_pregeneration_ablation,experiments/paper_modules/3_ablations/pregeneration_ablation/benchmark_v2_pregen_runs_invalidated.json,495,2026-04-21T09:51:05,keep,Selected useful experiment artifact copied into organized structure
experiments/organized/ablations/03_text_ablation/summary/cleaned_comparison_data.json,copied_useful_file,ablations/03_text_ablation,experiments/text_ablation/results/cleaned_comparison_data.json,6293,2026-04-26T00:12:57,keep,Selected useful experiment artifact copied into organized structure
experiments/organized/ablations/03_text_ablation/workbooks/coherence_comparison_cleaned.xlsx,copied_useful_file,ablations/03_text_ablation,experiments/text_ablation/results/coherence_comparison_cleaned.xlsx,12989,2026-04-26T00:21:47,keep,Selected useful experiment artifact copied into organized structure
experiments/organized/ablations/03_text_ablation/workbooks/coherence_wv_on_text_on.xlsx,copied_useful_file,ablations/03_text_ablation,experiments/text_ablation/results/coherence_wv_on_text_on.xlsx,9315,2026-04-25T21:29:22,keep,Selected useful experiment artifact copied into organized structure
experiments/organized/ablations/03_text_ablation/workbooks/coherence_wv_off_text_on.xlsx,copied_useful_file,ablations/03_text_ablation,experiments/text_ablation/results/coherence_wv_off_text_on.xlsx,9419,2026-04-25T21:52:38,keep,Selected useful experiment artifact copied into organized structure
experiments/organized/ablations/03_text_ablation/workbooks/coherence_wv_on_text_off.xlsx,copied_useful_file,ablations/03_text_ablation,experiments/text_ablation/results/coherence_wv_on_text_off.xlsx,8099,2026-04-26T00:06:02,keep,Selected useful experiment artifact copied into organized structure
experiments/organized/ablations/03_text_ablation/workbooks/coherence_wv_off_text_off.xlsx,copied_useful_file,ablations/03_text_ablation,experiments/text_ablation/results/coherence_wv_off_text_off.xlsx,9529,2026-04-25T21:33:28,keep,Selected useful experiment artifact copied into organized structure
experiments/organized/ablations/04_generation_context_ablation/summary/group_comparison_summary.json,copied_useful_file,ablations/04_generation_context_ablation,DN-experiment-2.0/ablations/generation_context_ablation/outputs/paper_baseline_comparison_10themes_1seg/group_comparison_summary.json,2288,2026-04-27T16:30:30,keep,Selected useful experiment artifact copied into organized structure
experiments/organized/ablations/04_generation_context_ablation/summary/group_comparison_summary.csv,copied_useful_file,ablations/04_generation_context_ablation,DN-experiment-2.0/ablations/generation_context_ablation/outputs/paper_baseline_comparison_10themes_1seg/group_comparison_summary.csv,633,2026-04-27T16:32:13,keep,Selected useful experiment artifact copied into organized structure
experiments/organized/ablations/04_generation_context_ablation/workbooks/paper_baseline_comparison.xlsx,copied_useful_file,ablations/04_generation_context_ablation,DN-experiment-2.0/ablations/generation_context_ablation/outputs/paper_baseline_comparison_10themes_1seg/paper_baseline_comparison.xlsx,11881,2026-04-27T16:30:30,keep,Selected useful experiment artifact copied into organized structure
experiments/organized/ablations/04_generation_context_ablation/workbooks/dataset_manifest.xlsx,copied_useful_file,ablations/04_generation_context_ablation,DN-experiment-2.0/ablations/generation_context_ablation/outputs/datasets/generation_context_ablation_standard_seed42_theme001_002_003_004_005_006_012_018_054_073/dataset_manifest.xlsx,34307,2026-04-27T15:43:35,keep,Selected useful experiment artifact copied into organized structure
experiments/organized/ablations/04_generation_context_ablation/workbooks/dataset_manifest.naive_t2i.xlsx,copied_useful_file,ablations/04_generation_context_ablation,DN-experiment-2.0/ablations/generation_context_ablation/outputs/datasets/generation_context_ablation_standard_seed42_theme001_002_003_004_005_006_012_018_054_073/dataset_manifest.naive_t2i.xlsx,28953,2026-04-27T15:43:35,keep,Selected useful experiment artifact copied into organized structure
experiments/organized/ablations/04_generation_context_ablation/workbooks/dataset_manifest.prompt_only_memory.xlsx,copied_useful_file,ablations/04_generation_context_ablation,DN-experiment-2.0/ablations/generation_context_ablation/outputs/datasets/generation_context_ablation_standard_seed42_theme001_002_003_004_005_006_012_018_054_073/dataset_manifest.prompt_only_memory.xlsx,28957,2026-04-27T15:43:35,keep,Selected useful experiment artifact copied into organized structure
experiments/organized/ablations/04_generation_context_ablation/workbooks/dataset_manifest.visual_bible.xlsx,copied_useful_file,ablations/04_generation_context_ablation,DN-experiment-2.0/ablations/generation_context_ablation/outputs/datasets/generation_context_ablation_standard_seed42_theme001_002_003_004_005_006_012_018_054_073/dataset_manifest.visual_bible.xlsx,28948,2026-04-27T15:43:35,keep,Selected useful experiment artifact copied into organized structure
experiments/organized/ablations/04_generation_context_ablation/workbooks/dataset_manifest.prompt_plus_prev_image.xlsx,copied_useful_file,ablations/04_generation_context_ablation,DN-experiment-2.0/ablations/generation_context_ablation/outputs/datasets/generation_context_ablation_standard_seed42_theme001_002_003_004_005_006_012_018_054_073/dataset_manifest.prompt_plus_prev_image.xlsx,28947,2026-04-27T15:43:35,keep,Selected useful experiment artifact copied into organized structure
experiments/organized/ablations/05_protagonist_reference_ablation/summary/latest_group_summary.json,copied_useful_file,ablations/05_protagonist_reference_ablation,DN-experiment-2.0/ablations/protagonist_ref_ablation/results/latest_group_summary.json,1650,2026-04-26T01:37:09,keep,Selected useful experiment artifact copied into organized structure
experiments/organized/ablations/05_protagonist_reference_ablation/workbooks/latest_results.xlsx,copied_useful_file,ablations/05_protagonist_reference_ablation,DN-experiment-2.0/ablations/protagonist_ref_ablation/results/latest_results.xlsx,60258,2026-04-26T11:01:06,keep,Selected useful experiment artifact copied into organized structure
experiments/organized/ablations/05_protagonist_reference_ablation/summary/latest_hard_identity_group_summary.json,copied_useful_file,ablations/05_protagonist_reference_ablation,DN-experiment-2.0/ablations/protagonist_ref_ablation/results/hard_identity/latest_hard_identity_group_summary.json,2204,2026-04-26T16:32:50,keep,Selected useful experiment artifact copied into organized structure
experiments/organized/ablations/05_protagonist_reference_ablation/workbooks/latest_hard_identity_results.xlsx,copied_useful_file,ablations/05_protagonist_reference_ablation,DN-experiment-2.0/ablations/protagonist_ref_ablation/results/hard_identity/latest_hard_identity_results.xlsx,92073,2026-04-26T16:32:50,keep,Selected useful experiment artifact copied into organized structure
experiments/organized/ablations/05_protagonist_reference_ablation/summary/latest_curated_strict_group_summary.json,copied_useful_file,ablations/05_protagonist_reference_ablation,DN-experiment-2.0/ablations/protagonist_ref_ablation/results/hard_identity/latest_curated_strict_group_summary.json,2386,2026-04-26T17:43:38,keep,Selected useful experiment artifact copied into organized structure
experiments/organized/ablations/05_protagonist_reference_ablation/summary/latest_curated_strict_per_sample_results.csv,copied_useful_file,ablations/05_protagonist_reference_ablation,DN-experiment-2.0/ablations/protagonist_ref_ablation/results/hard_identity/latest_curated_strict_per_sample_results.csv,68709,2026-04-26T17:43:38,keep,Selected useful experiment artifact copied into organized structure
experiments/organized/ablations/05_protagonist_reference_ablation/summary/latest_curated_paired_delta_summary.csv,copied_useful_file,ablations/05_protagonist_reference_ablation,DN-experiment-2.0/ablations/protagonist_ref_ablation/results/hard_identity/latest_curated_paired_delta_summary.csv,467,2026-04-26T17:43:38,keep,Selected useful experiment artifact copied into organized structure
experiments/organized/ablations/05_protagonist_reference_ablation/summary/latest_curated_view_bucket_summary.csv,copied_useful_file,ablations/05_protagonist_reference_ablation,DN-experiment-2.0/ablations/protagonist_ref_ablation/results/hard_identity/latest_curated_view_bucket_summary.csv,472,2026-04-26T17:43:38,keep,Selected useful experiment artifact copied into organized structure
experiments/organized/ablations/05_protagonist_reference_ablation/workbooks/latest_hard_identity_dataset_manifest.xlsx,copied_useful_file,ablations/05_protagonist_reference_ablation,DN-experiment-2.0/ablations/protagonist_ref_ablation/datasets/hard_identity/latest_hard_identity_dataset_manifest.xlsx,46442,2026-04-26T11:59:45,keep,Selected useful experiment artifact copied into organized structure
experiments/organized/ablations/06_readwait_ablation/summary/benchmark_v4_readwait_off_0s_6.json,copied_useful_file,ablations/06_readwait_ablation,experiments/paper_method_view/4_ablations/readwait/benchmark_v4_readwait_off_0s_6.json,89488,2026-04-21T09:51:05,keep,Selected useful experiment artifact copied into organized structure
experiments/organized/ablations/06_readwait_ablation/scripts/pregen_read_wait_runner.py,copied_useful_file,ablations/06_readwait_ablation,experiments/paper_method_view/4_ablations/readwait/pregen_read_wait_runner.py,10716,2026-04-21T09:51:05,keep,Selected useful experiment artifact copied into organized structure
experiments/organized/main_experiments/01_dn_vs_image_baselines/reports/LATEST_RUN.txt,copied_useful_file,main_experiments/01_dn_vs_image_baselines,outputs/baseline_image_from_dn_text/LATEST_RUN.txt,57,2026-04-30T14:58:25,keep,Selected useful experiment artifact copied into organized structure
experiments/organized/main_experiments/01_dn_vs_image_baselines/reports/baseline_vs_dn_report.md,copied_useful_file,main_experiments/01_dn_vs_image_baselines,outputs/baseline_image_from_dn_text/run_20260430_145825/reports/baseline_vs_dn_report.md,3705,2026-05-01T12:04:56,keep,Selected useful experiment artifact copied into organized structure
experiments/organized/main_experiments/01_dn_vs_image_baselines/summary/summary_by_baseline.csv,copied_useful_file,main_experiments/01_dn_vs_image_baselines,outputs/baseline_image_from_dn_text/run_20260430_145825/reports/summary_by_baseline.csv,181,2026-05-01T12:04:56,keep,Selected useful experiment artifact copied into organized structure
experiments/organized/main_experiments/01_dn_vs_image_baselines/summary/summary_by_baseline.json,copied_useful_file,main_experiments/01_dn_vs_image_baselines,outputs/baseline_image_from_dn_text/run_20260430_145825/reports/summary_by_baseline.json,486,2026-05-01T12:04:56,keep,Selected useful experiment artifact copied into organized structure
experiments/organized/main_experiments/01_dn_vs_image_baselines/summary/summary_by_theme.csv,copied_useful_file,main_experiments/01_dn_vs_image_baselines,outputs/baseline_image_from_dn_text/run_20260430_145825/reports/summary_by_theme.csv,2104,2026-05-01T12:04:56,keep,Selected useful experiment artifact copied into organized structure
experiments/organized/main_experiments/01_dn_vs_image_baselines/summary/summary_by_theme.json,copied_useful_file,main_experiments/01_dn_vs_image_baselines,outputs/baseline_image_from_dn_text/run_20260430_145825/reports/summary_by_theme.json,6375,2026-05-01T12:04:56,keep,Selected useful experiment artifact copied into organized structure
experiments/organized/main_experiments/01_dn_vs_image_baselines/summary/llm_pairwise_scores.csv,copied_useful_file,main_experiments/01_dn_vs_image_baselines,outputs/baseline_image_from_dn_text/run_20260430_145825/reports/llm_pairwise_scores.csv,1181650,2026-05-01T12:04:56,keep,Selected useful experiment artifact copied into organized structure
experiments/organized/main_experiments/01_dn_vs_image_baselines/summary/llm_pairwise_scores.jsonl,copied_useful_file,main_experiments/01_dn_vs_image_baselines,outputs/baseline_image_from_dn_text/run_20260430_145825/reports/llm_pairwise_scores.jsonl,1361663,2026-05-01T12:04:56,keep,Selected useful experiment artifact copied into organized structure
experiments/organized/main_experiments/01_dn_vs_image_baselines/summary/evaluation_failures.csv,copied_useful_file,main_experiments/01_dn_vs_image_baselines,outputs/baseline_image_from_dn_text/run_20260430_145825/reports/evaluation_failures.csv,134287,2026-05-01T12:04:56,keep,Selected useful experiment artifact copied into organized structure
experiments/organized/main_experiments/01_dn_vs_image_baselines/summary/evaluation_failures.jsonl,copied_useful_file,main_experiments/01_dn_vs_image_baselines,outputs/baseline_image_from_dn_text/run_20260430_145825/reports/evaluation_failures.jsonl,74369,2026-05-01T12:15:14,keep,Selected useful experiment artifact copied into organized structure
experiments/organized/main_experiments/01_dn_vs_image_baselines/summary/generation_dataset_index.csv,copied_useful_file,main_experiments/01_dn_vs_image_baselines,outputs/baseline_image_from_dn_text/run_20260430_145825/reports/generation_dataset_index.csv,1130273,2026-05-01T11:50:57,keep,Selected useful experiment artifact copied into organized structure
experiments/organized/main_experiments/01_dn_vs_image_baselines/summary/generation_dataset_index.jsonl,copied_useful_file,main_experiments/01_dn_vs_image_baselines,outputs/baseline_image_from_dn_text/run_20260430_145825/reports/generation_dataset_index.jsonl,1202667,2026-05-01T11:50:57,keep,Selected useful experiment artifact copied into organized structure
experiments/organized/main_experiments/01_dn_vs_image_baselines/summary/index.jsonl,copied_useful_file,main_experiments/01_dn_vs_image_baselines,outputs/baseline_image_from_dn_text/run_20260430_145825/SDM-v2/index.jsonl,382761,2026-04-30T17:10:23,keep,Selected useful experiment artifact copied into organized structure
experiments/organized/main_experiments/01_dn_vs_image_baselines/summary/StoryDiffusion__index.jsonl,copied_useful_file,main_experiments/01_dn_vs_image_baselines,outputs/baseline_image_from_dn_text/run_20260430_145825/StoryDiffusion/index.jsonl,1870437,2026-04-30T17:15:18,keep,Selected useful experiment artifact copied into organized structure
experiments/organized/main_experiments/01_dn_vs_image_baselines/summary/IC-LoRA__index.jsonl,copied_useful_file,main_experiments/01_dn_vs_image_baselines,outputs/baseline_image_from_dn_text/run_20260430_145825/IC-LoRA/index.jsonl,448861,2026-05-01T11:48:38,keep,Selected useful experiment artifact copied into organized structure
experiments/organized/main_experiments/02_efficiency_benchmark/reports/README.md,copied_useful_file,main_experiments/02_efficiency_benchmark,experiments/paper_method_view/1_table1_main_visual_efficiency/README.md,562,2026-04-21T09:51:05,keep,Selected useful experiment artifact copied into organized structure
experiments/organized/main_experiments/02_efficiency_benchmark/summary/benchmark_v1_fullchain_20.csv,copied_useful_file,main_experiments/02_efficiency_benchmark,experiments/paper_method_view/1_table1_main_visual_efficiency/efficiency_metrics/benchmark_v1_fullchain_20.csv,1610,2026-04-21T09:51:05,keep,Selected useful experiment artifact copied into organized structure
experiments/organized/main_experiments/02_efficiency_benchmark/summary/benchmark_v1_summary_metrics.csv,copied_useful_file,main_experiments/02_efficiency_benchmark,experiments/paper_method_view/1_table1_main_visual_efficiency/efficiency_metrics/benchmark_v1_summary_metrics.csv,540,2026-04-21T09:51:05,keep,Selected useful experiment artifact copied into organized structure
experiments/organized/main_experiments/02_efficiency_benchmark/summary/benchmark_v1_summary_metrics.json,copied_useful_file,main_experiments/02_efficiency_benchmark,experiments/paper_method_view/1_table1_main_visual_efficiency/efficiency_metrics/benchmark_v1_summary_metrics.json,1885,2026-04-21T09:51:05,keep,Selected useful experiment artifact copied into organized structure
experiments/organized/main_experiments/02_efficiency_benchmark/summary/benchmark_v1_fullchain_default_20.json,copied_useful_file,main_experiments/02_efficiency_benchmark,experiments/paper_method_view/1_table1_main_visual_efficiency/raw_runs/benchmark_v1_fullchain_default_20.json,567712,2026-04-21T09:51:05,keep,Selected useful experiment artifact copied into organized structure
experiments/organized/main_experiments/02_efficiency_benchmark/summary/benchmark_v3_fullchain_pregen_off_clean12.json,copied_useful_file,main_experiments/02_efficiency_benchmark,experiments/paper_method_view/1_table1_main_visual_efficiency/raw_runs/benchmark_v3_fullchain_pregen_off_clean12.json,337542,2026-04-21T09:51:05,keep,Selected useful experiment artifact copied into organized structure
experiments/organized/main_experiments/02_efficiency_benchmark/summary/benchmark_v3_fullchain_pregen_on_clean12.json,copied_useful_file,main_experiments/02_efficiency_benchmark,experiments/paper_method_view/1_table1_main_visual_efficiency/raw_runs/benchmark_v3_fullchain_pregen_on_clean12.json,339000,2026-04-21T09:51:05,keep,Selected useful experiment artifact copied into organized structure
experiments/organized/main_experiments/02_efficiency_benchmark/summary/benchmark_v1_ab_repeat_validation_summary.json,copied_useful_file,main_experiments/02_efficiency_benchmark,experiments/paper_method_view/1_table1_main_visual_efficiency/supporting_reliability/benchmark_v1_ab_repeat_validation_summary.json,1277,2026-04-21T09:51:05,keep,Selected useful experiment artifact copied into organized structure
experiments/organized/main_experiments/02_efficiency_benchmark/summary/effectiveness_proxies_summary.csv,copied_useful_file,main_experiments/02_efficiency_benchmark,experiments/paper_method_view/1_table1_main_visual_efficiency/supporting_reliability/effectiveness_proxies_summary.csv,683,2026-04-21T09:51:05,keep,Selected useful experiment artifact copied into organized structure
experiments/organized/main_experiments/02_efficiency_benchmark/summary/effectiveness_proxies_summary.json,copied_useful_file,main_experiments/02_efficiency_benchmark,experiments/paper_method_view/1_table1_main_visual_efficiency/supporting_reliability/effectiveness_proxies_summary.json,2014,2026-04-21T09:51:05,keep,Selected useful experiment artifact copied into organized structure
experiments/organized/main_experiments/02_efficiency_benchmark/workbooks/benchmark_v1_standard_run_summary.xlsx,copied_useful_file,main_experiments/02_efficiency_benchmark,experiments/paper_method_view/1_table1_main_visual_efficiency/summary_tables/benchmark_v1_standard_run_summary.xlsx,19619,2026-04-21T09:51:05,keep,Selected useful experiment artifact copied into organized structure
experiments/organized/main_experiments/02_efficiency_benchmark/workbooks/dn_current_best_conclusions_v2.xlsx,copied_useful_file,main_experiments/02_efficiency_benchmark,experiments/paper_method_view/1_table1_main_visual_efficiency/summary_tables/dn_current_best_conclusions_v2.xlsx,18474,2026-04-21T09:51:05,keep,Selected useful experiment artifact copied into organized structure
experiments/organized/main_experiments/02_efficiency_benchmark/workbooks/dn_efficiency_effectiveness_summary_v1.xlsx,copied_useful_file,main_experiments/02_efficiency_benchmark,experiments/paper_method_view/1_table1_main_visual_efficiency/summary_tables/dn_efficiency_effectiveness_summary_v1.xlsx,24487,2026-04-21T09:51:05,keep,Selected useful experiment artifact copied into organized structure
experiments/organized/main_experiments/02_efficiency_benchmark/summary/postfix_suite_summary_v3.json,copied_useful_file,main_experiments/02_efficiency_benchmark,experiments/efficiency_postfix/postfix_suite_summary_v3.json,12098,2026-04-21T09:51:05,keep,Selected useful experiment artifact copied into organized structure
experiments/organized/main_experiments/02_efficiency_benchmark/reports/postfix_experiment_report_v2.md,copied_useful_file,main_experiments/02_efficiency_benchmark,experiments/efficiency_postfix/postfix_experiment_report_v2.md,13392,2026-04-21T09:51:05,keep,Selected useful experiment artifact copied into organized structure
experiments/organized/main_experiments/02_efficiency_benchmark/summary/effectiveness_proxies_fullchain_12.csv,copied_useful_file,main_experiments/02_efficiency_benchmark,experiments/paper_modules/2_supplementary_validation/repeatability_and_guardrails/effectiveness_proxies_fullchain_12.csv,1583,2026-04-21T09:51:05,keep,Selected useful experiment artifact copied into organized structure
experiments/organized/main_experiments/02_efficiency_benchmark/summary/effectiveness_proxies_worldview_16.csv,copied_useful_file,main_experiments/02_efficiency_benchmark,experiments/paper_modules/2_supplementary_validation/repeatability_and_guardrails/effectiveness_proxies_worldview_16.csv,1185,2026-04-21T09:51:05,keep,Selected useful experiment artifact copied into organized structure
experiments/organized/main_experiments/03_text_quality_and_planning/reports/README.md,copied_useful_file,main_experiments/03_text_quality_and_planning,experiments/paper_method_view/2_table2_text_planning/README.md,242,2026-04-21T09:51:05,keep,Selected useful experiment artifact copied into organized structure
experiments/organized/main_experiments/03_text_quality_and_planning/summary/benchmark_v1_worldview_ab_20.csv,copied_useful_file,main_experiments/03_text_quality_and_planning,experiments/paper_method_view/2_table2_text_planning/plot_planning/benchmark_v1_worldview_ab_20.csv,1938,2026-04-21T09:51:05,keep,Selected useful experiment artifact copied into organized structure
experiments/organized/main_experiments/03_text_quality_and_planning/summary/worldview_default_vs_no_council_8.csv,copied_useful_file,main_experiments/03_text_quality_and_planning,experiments/paper_method_view/2_table2_text_planning/summary_tables/worldview_default_vs_no_council_8.csv,1107,2026-04-21T09:51:05,keep,Selected useful experiment artifact copied into organized structure
experiments/organized/main_experiments/03_text_quality_and_planning/summary/benchmark_v1_worldview_default_20.json,copied_useful_file,main_experiments/03_text_quality_and_planning,experiments/paper_method_view/2_table2_text_planning/worldview_planning/benchmark_v1_worldview_default_20.json,143019,2026-04-21T09:51:05,keep,Selected useful experiment artifact copied into organized structure
experiments/organized/main_experiments/03_text_quality_and_planning/summary/benchmark_v1_worldview_default_20_repeat.json,copied_useful_file,main_experiments/03_text_quality_and_planning,experiments/paper_method_view/2_table2_text_planning/worldview_planning/benchmark_v1_worldview_default_20_repeat.json,139673,2026-04-21T09:51:05,keep,Selected useful experiment artifact copied into organized structure
experiments/organized/main_experiments/03_text_quality_and_planning/summary/worldview_baseline_fixed_results_postfix.json,copied_useful_file,main_experiments/03_text_quality_and_planning,experiments/paper_method_view/2_table2_text_planning/worldview_planning/worldview_baseline_fixed_results_postfix.json,597,2026-04-21T09:51:05,keep,Selected useful experiment artifact copied into organized structure
experiments/organized/main_experiments/03_text_quality_and_planning/summary/coherence_comparison_gpt4o_summary.json,copied_useful_file,main_experiments/03_text_quality_and_planning,experiments/baselines/text_doc_patched_fallback4/coherence_comparison_gpt4o_summary.json,3164,2026-04-28T09:06:43,keep,Selected useful experiment artifact copied into organized structure
experiments/organized/main_experiments/03_text_quality_and_planning/workbooks/coherence_comparison_gpt4o.xlsx,copied_useful_file,main_experiments/03_text_quality_and_planning,experiments/baselines/text_doc_patched_fallback4/coherence_comparison_gpt4o.xlsx,6400,2026-04-28T09:06:43,keep,Selected useful experiment artifact copied into organized structure
experiments/organized/main_experiments/03_text_quality_and_planning/workbooks/coherence_doc.xlsx,copied_useful_file,main_experiments/03_text_quality_and_planning,experiments/baselines/text_doc_patched_fallback4/coherence_doc.xlsx,9037,2026-04-28T00:12:20,keep,Selected useful experiment artifact copied into organized structure
experiments/organized/main_experiments/03_text_quality_and_planning/workbooks/coherence_dn.xlsx,copied_useful_file,main_experiments/03_text_quality_and_planning,experiments/baselines/text_doc_patched_fallback4/coherence_dn.xlsx,7454,2026-04-28T09:06:11,keep,Selected useful experiment artifact copied into organized structure
experiments/organized/main_experiments/03_text_quality_and_planning/summary/rolling_vs_dn_5_summary.csv,copied_useful_file,main_experiments/03_text_quality_and_planning,experiments/baselines/text_rolling_4o/rolling_vs_dn_5_summary.csv,144,2026-04-27T15:44:52,keep,Selected useful experiment artifact copied into organized structure
experiments/organized/main_experiments/03_text_quality_and_planning/workbooks/rolling_vs_dn_5_summary.xlsx,copied_useful_file,main_experiments/03_text_quality_and_planning,experiments/baselines/text_rolling_4o/rolling_vs_dn_5_summary.xlsx,6563,2026-04-27T15:44:53,keep,Selected useful experiment artifact copied into organized structure
experiments/organized/main_experiments/03_text_quality_and_planning/workbooks/coherence_rolling_5.xlsx,copied_useful_file,main_experiments/03_text_quality_and_planning,experiments/baselines/text_rolling_4o/coherence_rolling_5.xlsx,7542,2026-04-27T15:14:55,keep,Selected useful experiment artifact copied into organized structure
experiments/organized/main_experiments/03_text_quality_and_planning/workbooks/coherence_dn_5_gpt4o.xlsx,copied_useful_file,main_experiments/03_text_quality_and_planning,experiments/baselines/text_rolling_4o/coherence_dn_5_gpt4o.xlsx,6805,2026-04-27T15:44:34,keep,Selected useful experiment artifact copied into organized structure
experiments/organized/main_experiments/03_text_quality_and_planning/workbooks/coherence_20260417_125654.xlsx,copied_useful_file,main_experiments/03_text_quality_and_planning,DN-experiment-2.0/文本连续性_results/coherence_20260417_125654.xlsx,9288,2026-04-17T21:09:24,keep,Selected useful experiment artifact copied into organized structure
experiments/organized/main_experiments/03_text_quality_and_planning/reports/eval_plot_coherence.log,copied_useful_file,main_experiments/03_text_quality_and_planning,DN-experiment-2.0/文本连续性_results/eval_plot_coherence.log,18474,2026-04-17T21:09:24,keep,Selected useful experiment artifact copied into organized structure
experiments/organized/main_experiments/04_visual_consistency/reports/README_multiview_image_consistency.md,copied_useful_file,main_experiments/04_visual_consistency,experiments/paper_method_view/1_table1_main_visual_efficiency/visual_quality/README_multiview_image_consistency.md,3260,2026-04-21T09:51:05,keep,Selected useful experiment artifact copied into organized structure
experiments/organized/main_experiments/04_visual_consistency/summary/per_game_ensemble_mean_latest.csv,copied_useful_file,main_experiments/04_visual_consistency,experiments/paper_method_view/1_table1_main_visual_efficiency/visual_quality/per_game_ensemble_mean_latest.csv,1404,2026-04-21T09:51:05,keep,Selected useful experiment artifact copied into organized structure
experiments/organized/main_experiments/04_visual_consistency/summary/latest_eval_manifest.jsonl,copied_useful_file,main_experiments/04_visual_consistency,experiments/paper_method_view/1_table1_main_visual_efficiency/visual_quality/latest_eval_manifest.jsonl,23216,2026-04-21T09:51:05,keep,Selected useful experiment artifact copied into organized structure
experiments/organized/main_experiments/04_visual_consistency/summary/latest_per_game_image_scores.jsonl,copied_useful_file,main_experiments/04_visual_consistency,experiments/paper_method_view/1_table1_main_visual_efficiency/visual_quality/latest_per_game_image_scores.jsonl,154466,2026-04-21T09:51:05,keep,Selected useful experiment artifact copied into organized structure
experiments/organized/main_experiments/04_visual_consistency/workbooks/rusults_game_image_consistency.xlsx,copied_useful_file,main_experiments/04_visual_consistency,experiments/paper_method_view/1_table1_main_visual_efficiency/visual_quality/rusults_game_image_consistency.xlsx,31444,2026-04-21T09:51:05,keep,Selected useful experiment artifact copied into organized structure
experiments/organized/main_experiments/04_visual_consistency/reports/comparison_report.md,copied_useful_file,main_experiments/04_visual_consistency,experiments/baselines/image_consistency_game_themes_100/comparison_report.md,3164,2026-04-27T21:54:01,keep,Selected useful experiment artifact copied into organized structure
experiments/organized/main_experiments/04_visual_consistency/summary/comparison_summary.json,copied_useful_file,main_experiments/04_visual_consistency,experiments/baselines/image_consistency_game_themes_100/comparison_summary.json,4413,2026-04-27T21:54:01,keep,Selected useful experiment artifact copied into organized structure
experiments/organized/main_experiments/04_visual_consistency/summary/dataset_summary.json,copied_useful_file,main_experiments/04_visual_consistency,experiments/baselines/image_consistency_game_themes_100/dataset_summary.json,604,2026-04-27T21:24:07,keep,Selected useful experiment artifact copied into organized structure
experiments/organized/main_experiments/04_visual_consistency/summary/pairs.csv,copied_useful_file,main_experiments/04_visual_consistency,experiments/baselines/image_consistency_game_themes_100/pairs.csv,3416,2026-04-27T21:26:30,keep,Selected useful experiment artifact copied into organized structure
experiments/organized/main_experiments/05_human_eval_optional/reports/README.md,copied_useful_file,main_experiments/05_human_eval_optional,experiments/paper_method_view/3_table3_human_evaluation_optional/README.md,240,2026-04-21T09:51:05,keep,Selected useful experiment artifact copied into organized structure
experiments/organized/main_experiments/05_human_eval_optional/summary/dn_human_rating_template_v1.csv,copied_useful_file,main_experiments/05_human_eval_optional,experiments/paper_method_view/3_table3_human_evaluation_optional/templates/dn_human_rating_template_v1.csv,1168,2026-04-21T09:51:05,keep,Selected useful experiment artifact copied into organized structure
experiments/organized/main_experiments/05_human_eval_optional/workbooks/dn_human_rating_template_v1.xlsx,copied_useful_file,main_experiments/05_human_eval_optional,experiments/paper_method_view/3_table3_human_evaluation_optional/templates/dn_human_rating_template_v1.xlsx,16569,2026-04-21T09:51:05,keep,Selected useful experiment artifact copied into organized structure
experiments/organized/main_experiments/05_human_eval_optional/workbooks/human_image_consistency_rating_v1_grouped.xlsx,copied_useful_file,main_experiments/05_human_eval_optional,DN-experiment-2.0/human_evaluation/workbooks/human_image_consistency_rating_v1_grouped.xlsx,2599721,2026-04-26T11:09:37,keep,Selected useful experiment artifact copied into organized structure
experiments/organized/main_experiments/05_human_eval_optional/workbooks/human_text_consistency_rating_v1.xlsx,copied_useful_file,main_experiments/05_human_eval_optional,DN-experiment-2.0/human_evaluation/workbooks/human_text_consistency_rating_v1.xlsx,43763,2026-04-26T10:53:37,keep,Selected useful experiment artifact copied into organized structure
experiments/organized/main_experiments/05_human_eval_optional/summary/human_eval_rating_fields_check_summary_grouped.json,copied_useful_file,main_experiments/05_human_eval_optional,DN-experiment-2.0/human_evaluation/workbooks/human_eval_rating_fields_check_summary_grouped.json,2505,2026-04-26T11:05:10,keep,Selected useful experiment artifact copied into organized structure
experiments/organized/main_experiments/05_human_eval_optional/summary/human_eval_rating_fields_check_summary_revised.json,copied_useful_file,main_experiments/05_human_eval_optional,DN-experiment-2.0/human_evaluation/workbooks/human_eval_rating_fields_check_summary_revised.json,2505,2026-04-26T10:58:02,keep,Selected useful experiment artifact copied into organized structure
experiments/organized/main_experiments/05_human_eval_optional/summary/human_eval_rating_fields_check_summary.json,copied_useful_file,main_experiments/05_human_eval_optional,DN-experiment-2.0/human_evaluation/workbooks/human_eval_rating_fields_check_summary.json,2505,2026-04-26T10:45:35,keep,Selected useful experiment artifact copied into organized structure
.pytest_cache,cleanup_candidate,,,,2026-04-19T12:04:26,delete_after_confirmation,"Cache/temp/helper artifact, not experiment evidence"
.tmp_pip,cleanup_candidate,,,,2026-04-27T21:34:09,delete_after_confirmation,"Cache/temp/helper artifact, not experiment evidence"
__pycache__,cleanup_candidate,,,,2026-04-08T22:55:37,delete_after_confirmation,"Cache/temp/helper artifact, not experiment evidence"
_curl_test.bat,cleanup_candidate,,,389,2026-04-15T19:47:08,delete_after_confirmation,"Cache/temp/helper artifact, not experiment evidence"
_list_pkgs.py,cleanup_candidate,,,340,2026-04-15T19:51:25,delete_after_confirmation,"Cache/temp/helper artifact, not experiment evidence"
_run.bat,cleanup_candidate,,,125,2026-04-15T20:07:29,delete_after_confirmation,"Cache/temp/helper artifact, not experiment evidence"
_test_api.py,cleanup_candidate,,,3394,2026-04-15T19:43:37,delete_after_confirmation,"Cache/temp/helper artifact, not experiment evidence"
DN-experiment-2.0/__pycache__,cleanup_candidate,,,,2026-04-25T16:53:43,delete_after_confirmation,"Cache/temp/helper artifact, not experiment evidence"
DN-experiment-2.0/ablations/generation_context_ablation/__pycache__,cleanup_candidate,,,,2026-04-27T16:05:25,delete_after_confirmation,"Cache/temp/helper artifact, not experiment evidence"
DN-experiment-2.0/ablations/protagonist_ref_ablation/scripts/__pycache__,cleanup_candidate,,,,2026-04-26T10:44:15,delete_after_confirmation,"Cache/temp/helper artifact, not experiment evidence"
DN-experiment-2.0/human_evaluation/scripts/__pycache__,cleanup_candidate,,,,2026-04-26T10:44:35,delete_after_confirmation,"Cache/temp/helper artifact, not experiment evidence"
DN-experiment-2.0/图片一致性_experiment/multiview_image_consistency/scripts/__pycache__,cleanup_candidate,,,,2026-04-25T21:55:04,delete_after_confirmation,"Cache/temp/helper artifact, not experiment evidence"
experiments/baselines/doc_baseline/__pycache__,cleanup_candidate,,,,2026-04-26T23:38:50,delete_after_confirmation,"Cache/temp/helper artifact, not experiment evidence"
experiments/baselines/re3_baseline/__pycache__,cleanup_candidate,,,,2026-04-27T12:28:16,delete_after_confirmation,"Cache/temp/helper artifact, not experiment evidence"
experiments/doc4o_baseline/__pycache__,cleanup_candidate,,,,2026-04-27T22:16:31,delete_after_confirmation,"Cache/temp/helper artifact, not experiment evidence"
scripts/__pycache__,cleanup_candidate,,,,2026-04-30T17:23:59,delete_after_confirmation,"Cache/temp/helper artifact, not experiment evidence"
src/__pycache__,cleanup_candidate,,,,2026-04-15T19:48:10,delete_after_confirmation,"Cache/temp/helper artifact, not experiment evidence"
src/characters/__pycache__,cleanup_candidate,,,,2026-04-25T23:12:48,delete_after_confirmation,"Cache/temp/helper artifact, not experiment evidence"
src/game/__pycache__,cleanup_candidate,,,,2026-03-21T16:31:46,delete_after_confirmation,"Cache/temp/helper artifact, not experiment evidence"
src/image/__pycache__,cleanup_candidate,,,,2026-04-25T23:12:49,delete_after_confirmation,"Cache/temp/helper artifact, not experiment evidence"
src/llm/__pycache__,cleanup_candidate,,,,2026-04-25T15:58:26,delete_after_confirmation,"Cache/temp/helper artifact, not experiment evidence"
src/story/__pycache__,cleanup_candidate,,,,2026-04-25T15:56:05,delete_after_confirmation,"Cache/temp/helper artifact, not experiment evidence"
src/utils/__pycache__,cleanup_candidate,,,,2026-04-15T19:48:12,delete_after_confirmation,"Cache/temp/helper artifact, not experiment evidence"
src/wiki/__pycache__,cleanup_candidate,,,,2026-04-15T19:48:12,delete_after_confirmation,"Cache/temp/helper artifact, not experiment evidence"
src/worldview/__pycache__,cleanup_candidate,,,,2026-04-25T16:23:38,delete_after_confirmation,"Cache/temp/helper artifact, not experiment evidence"
tmp_remote_check_comfy_env.sh,cleanup_candidate,,,120,2026-04-30T17:38:57,delete_after_confirmation,"Cache/temp/helper artifact, not experiment evidence"
tmp_remote_check_comfy_status.sh,cleanup_candidate,,,531,2026-04-30T17:56:41,delete_after_confirmation,"Cache/temp/helper artifact, not experiment evidence"
tmp_remote_check_hf_env.sh,cleanup_candidate,,,67,2026-04-30T19:00:09,delete_after_confirmation,"Cache/temp/helper artifact, not experiment evidence"
tmp_remote_check_running_comfyui.sh,cleanup_candidate,,,214,2026-04-30T18:07:38,delete_after_confirmation,"Cache/temp/helper artifact, not experiment evidence"
tmp_remote_comfy_help.sh,cleanup_candidate,,,162,2026-04-30T18:58:15,delete_after_confirmation,"Cache/temp/helper artifact, not experiment evidence"
tmp_remote_comfy_quick_test.sh,cleanup_candidate,,,215,2026-04-30T18:58:47,delete_after_confirmation,"Cache/temp/helper artifact, not experiment evidence"
tmp_remote_comfy_quick_test_db.sh,cleanup_candidate,,,301,2026-04-30T18:59:07,delete_after_confirmation,"Cache/temp/helper artifact, not experiment evidence"
tmp_remote_comfy_versions.sh,cleanup_candidate,,,419,2026-04-30T18:59:32,delete_after_confirmation,"Cache/temp/helper artifact, not experiment evidence"
tmp_remote_download_movie_shots.sh,cleanup_candidate,,,794,2026-04-30T18:08:19,delete_after_confirmation,"Cache/temp/helper artifact, not experiment evidence"
tmp_remote_hello.sh,cleanup_candidate,,,21,2026-04-30T17:34:17,delete_after_confirmation,"Cache/temp/helper artifact, not experiment evidence"
tmp_remote_inspect.sh,cleanup_candidate,,,1182,2026-04-30T17:31:44,delete_after_confirmation,"Cache/temp/helper artifact, not experiment evidence"
tmp_remote_install_av.sh,cleanup_candidate,,,229,2026-04-30T18:53:04,delete_after_confirmation,"Cache/temp/helper artifact, not experiment evidence"
tmp_remote_install_binary_wheels.sh,cleanup_candidate,,,338,2026-04-30T18:54:49,delete_after_confirmation,"Cache/temp/helper artifact, not experiment evidence"
tmp_remote_install_comfyui.sh,cleanup_candidate,,,1116,2026-04-30T17:39:19,delete_after_confirmation,"Cache/temp/helper artifact, not experiment evidence"
tmp_remote_poll_comfyui_install.sh,cleanup_candidate,,,238,2026-04-30T18:03:51,delete_after_confirmation,"Cache/temp/helper artifact, not experiment evidence"
tmp_remote_poll_pid_only.sh,cleanup_candidate,,,108,2026-04-30T18:52:35,delete_after_confirmation,"Cache/temp/helper artifact, not experiment evidence"
tmp_remote_ps_comfyui.sh,cleanup_candidate,,,150,2026-04-30T18:07:23,delete_after_confirmation,"Cache/temp/helper artifact, not experiment evidence"
tmp_remote_retry_comfy_reqs.sh,cleanup_candidate,,,617,2026-04-30T18:53:52,delete_after_confirmation,"Cache/temp/helper artifact, not experiment evidence"
tmp_remote_retry_comfy_reqs2.sh,cleanup_candidate,,,746,2026-04-30T18:55:13,delete_after_confirmation,"Cache/temp/helper artifact, not experiment evidence"
tmp_remote_show_comfy_reqs.sh,cleanup_candidate,,,140,2026-04-30T17:37:35,delete_after_confirmation,"Cache/temp/helper artifact, not experiment evidence"
tmp_remote_show_comfy_reqs_retry_log.sh,cleanup_candidate,,,527,2026-04-30T18:54:28,delete_after_confirmation,"Cache/temp/helper artifact, not experiment evidence"
tmp_remote_start_comfyui_install_bg.sh,cleanup_candidate,,,1507,2026-04-30T17:57:20,delete_after_confirmation,"Cache/temp/helper artifact, not experiment evidence"
tmp_remote_stat_models.sh,cleanup_candidate,,,650,2026-04-30T18:09:05,delete_after_confirmation,"Cache/temp/helper artifact, not experiment evidence"
tmp_remote_story_versions.sh,cleanup_candidate,,,435,2026-04-30T18:59:49,delete_after_confirmation,"Cache/temp/helper artifact, not experiment evidence"
tmp_remote_tail_comfy_retry2.sh,cleanup_candidate,,,76,2026-04-30T18:58:28,delete_after_confirmation,"Cache/temp/helper artifact, not experiment evidence"
tmp_remote_validate_comfyui_env.sh,cleanup_candidate,,,294,2026-04-30T18:57:54,delete_after_confirmation,"Cache/temp/helper artifact, not experiment evidence"
experiments/_archive_or_cleanup_candidates/archive_20260501_122223/experiments__efficiency_phase1,archived_file_or_dir,,experiments/efficiency_phase1,,2026-04-21T09:51:05,archived_no_delete,Moved from original location to archive after user approval
experiments/_archive_or_cleanup_candidates/archive_20260501_122223/outputs__baseline_image_from_dn_text__run_20260430_144923,archived_file_or_dir,,outputs/baseline_image_from_dn_text/run_20260430_144923,,2026-04-30T16:44:09,archived_no_delete,Moved from original location to archive after user approval
experiments/_archive_or_cleanup_candidates/archive_20260501_122223/experiments__baselines__text_doc_smoke,archived_file_or_dir,,experiments/baselines/text_doc_smoke,,2026-04-27T16:09:46,archived_no_delete,Moved from original location to archive after user approval
experiments/_archive_or_cleanup_candidates/archive_20260501_122223/experiments__baselines__text_doc_patched_fallback4_smoke,archived_file_or_dir,,experiments/baselines/text_doc_patched_fallback4_smoke,,2026-04-27T21:48:15,archived_no_delete,Moved from original location to archive after user approval
experiments/_archive_or_cleanup_candidates/archive_20260501_122223/experiments__baselines__text_doc_patched_fallback3,archived_file_or_dir,,experiments/baselines/text_doc_patched_fallback3,,2026-04-27T21:38:32,archived_no_delete,Moved from original location to archive after user approval
experiments/_archive_or_cleanup_candidates/archive_20260501_122223/experiments__baselines__text_doc_patched_fallback4,archived_file_or_dir,,experiments/baselines/text_doc_patched_fallback4,,2026-04-28T09:06:43,archived_no_delete,Moved from original location to archive after user approval
experiments/_archive_or_cleanup_candidates/archive_20260501_122223/experiments__text_ablation__archive_bad_20260425_223848,archived_file_or_dir,,experiments/text_ablation/archive_bad_20260425_223848,,2026-04-25T23:01:36,archived_no_delete,Moved from original location to archive after user approval
experiments/_archive_or_cleanup_candidates/archive_20260501_122223/experiments__text_ablation__archive_duplicates,archived_file_or_dir,,experiments/text_ablation/archive_duplicates,,2026-04-25T21:09:50,archived_no_delete,Moved from original location to archive after user approval
experiments/_archive_or_cleanup_candidates/archive_20260501_122223/outputs__baseline_run_summary.json,archived_file_or_dir,,outputs/baseline_run_summary.json,1594,2026-04-28T16:51:52,archived_no_delete,Moved from original location to archive after user approval
experiments/_archive_or_cleanup_candidates/archive_20260501_122223/DN-experiment,archived_file_or_dir,,DN-experiment,,2026-04-25T15:54:03,archived_no_delete,Moved from original location to archive after user approval
