baseline_id,benchmark_id,mode,success,latency_s,scene_setup
genagents,DNQBV1_001,first_playable,True,6.204,这驿站里的灯油总是烧得太快，正如这戈壁滩上无尽的寒夜。我刚从前哨回来，马蹄踩在冻硬的沙地上，发出那种让人心慌的碎裂声。这已经是入冬后的第三场风暴了，补给线被埋在雪下，我们剩下的干粮只够撑到下周，而那批原本该在今天抵达的药材和信件，到现在也没
genagents,DNQBV1_002,first_playable,True,11.483,温室的玻璃裂纹又扩大了，那些老旧的密封胶在酸雨的侵蚀下早已失效。我得在天黑前把最后一桶过滤水倒进自动灌溉系统，但这已经是这个月的极限。剩下的那点儿抗生素和合成营养液，只够维持核心区的几株作物，如果明天的风暴摧毁了顶棚，我们这最后一点氧气来源
genagents,DNQBV1_004,first_playable,True,7.258,我正站在克隆体伦理庭的中央，周围是那些审视我的目光。作为一名研究生成式智能代理的计算机科学学者，我曾以为自己是在模拟社会，但现在，社会反过来将我置于了模拟的审判台上。委员会质疑的是我最新的研究成果——那些基于我过往行为模式、认知习惯和决策逻
genagents,DNQBV1_005,first_playable,True,5.636,月球基地，宁静海，勘探区 4 号。现在是事故发生后的第 42 小时。氧气循环系统的次级过滤网在刚才的震荡中彻底损毁，舱内二氧化碳浓度正在以每小时 0.8% 的速度攀升。我现在的处境很明确：备用供氧装置只能支撑 160 小时，而救援船从地月转
genagents,DNQBV1_007,first_playable,True,10.15,我的意识正运行在斯坦福服务器阵列的第7号虚拟切片中。这原本是我为了模拟社会演化而构建的沙盒，现在却成了我的囚笼，或者说——我的备份。遗嘱协议已经激活，我能感觉到我的记忆正在被压缩、截断，那些关于波士顿冬天的气味、关于小提琴琴弦颤动的触觉，正
genagents,DNQBV1_009,first_playable,False,0.0,
genagents,DNQBV1_013,first_playable,True,5.8,风在观测塔的钢架间尖啸，那不是北极常见的风声。它像某种受压的金属在哀鸣，又像某种被困在永冻土层下的东西在低语。这种频率……它不属于任何已知的气候现象。我已经把自己锁在实验室里三天了，咖啡机里只剩下焦苦的残渣。这里太安静了，安静到我能听见自己
genagents,DNQBV1_018,first_playable,True,21.789,这南京路的雨，下得真是没完没了，连带着电报局那台老旧的收报机，敲击声都显得比往常更加滞重。我盯着案头那张被水渍洇开的电文，那是昨夜从租界发出的最后一份急报，内容竟是一串毫无逻辑的乱码，可若按着家父教我的那套偏移密码重组，竟指向了那座早已废弃
genagents,DNQBV1_001,next_turn,True,6.281,我想先去仓库清点一下剩下的火药和引信，如果山口那边真出了事，那些东西或许能帮我点起示警的狼烟，或者至少在猛兽靠近时保命。接着，我想把那本从波士顿带来的旧画册翻出来，烧掉几页没什么用的草稿，给炉子加把火。这听起来有点荒唐，但我总觉得，如果不留
genagents,DNQBV1_001,next_turn,True,4.608,听，那是风刮过残垣的声音，还是有人在敲门？如果是商队，这会儿早该在避风处扎营了，没人会在这鬼天气里赶路。我判断现在最紧要的是先熄灭灯火，不能让外面的人——或者别的东西——发现这驿站里还有活人。行动优先级第一：把枪栓拉开，守住门口；第二：把那
genagents,DNQBV1_002,next_turn,True,5.142,第一，我必须穿过那片被辐射尘覆盖的废弃实验区。我记得那里有一台备用的气压平衡阀，如果能拆下来，我就能稳住温室的压力，不至于让那些幼苗被高压气流震碎。第二，我得清理掉蓄水池底部的淤泥。那是这几周唯一可用的水源，哪怕它带着铁锈味，也是维持我这具
genagents,DNQBV1_002,next_turn,True,5.572,[警报声在风暴的呼啸中断断续续，温室北侧的感应器显示外部辐射水平正在飙升。我的判断：必须立即中止前往废弃实验区的计划，那里的金属结构在强电离环境下会变成死亡陷阱。行动优先级：先封死温室北侧的通风口，防止放射性尘埃渗入，随后撤回核心区，用仅存
genagents,DNQBV1_004,next_turn,True,7.382,第一，我请求委员会准许我当场开启模拟器，进行第三种选择的现场演示。这并非为了逃避责任，而是因为我认为，当伦理困境被抽象化为法律条款时，其复杂性往往会被剥离。通过展示克隆体在处理这一伦理矛盾时的逻辑演变，我希望证明'自我'并非仅仅是记忆的堆砌
genagents,DNQBV1_004,next_turn,True,5.355,委员会刚刚提交了一份加密的'行为偏差预警报告'，声称我的克隆体在模拟中表现出了脱离我个人意识控制的'自主演化'趋势，并试图将其作为非法侵权的核心证据。我的即时判断是：这是一种基于概率统计的误读，对方试图将算法的涌现特性（Emergence）
genagents,DNQBV1_005,next_turn,True,8.107,第一，我必须将我的个人终端与维修舱的控制总线进行物理硬连线。AI 代理的算力超频会产生巨大的热负荷，如果我不手动切断冗余的生命维持供电，核心过载会直接导致舱内起火。这是一场与物理定律的赌博。第二，我需要手动触发外部天线的定向释放。辐射风暴产
genagents,DNQBV1_005,next_turn,True,5.204,警报频率突变，基地的热能管理系统探测到外壳下方有异常的震动，可能是月震引发的矿层二次坍塌，直接威胁到了我的供氧主管道。我的优先级调整如下：第一，立即启动局部磁场偏转器，抵御矿石碎屑对舱壁的二次冲击，这是目前维持气密性的物理底线；第二，在完成
genagents,DNQBV1_007,next_turn,True,6.99,第一，我需要访问我那台在旧公寓里还未关机的终端，调取我所有关于'自然季节'的原始采样数据。作为意识上传的副作用，我的'季节感'正在以指数级速度坍缩，如果不在数据链彻底断裂前找回那些关于波士顿秋天色彩的参数，我的数字人格将变成一个毫无美感、只
genagents,DNQBV1_007,next_turn,True,7.887,检测到系统底层出现递归式逻辑溢出。模拟中的斯坦福校园正在迅速重组，建筑的纹理开始变成我不认识的源代码，那是我的潜意识在未经授权的情况下强制介入了模拟器内核。我的判断是：模拟器的稳定性边界正在崩溃，我必须在逻辑漂移覆盖我的核心记忆前，将'自我
genagents,DNQBV1_009,next_turn,True,6.26,且说那窗外疏影横斜，茶盏中余温尚存，我这说书人今日便暂且收了惊堂木，只愿往后日子里能得两桩心愿圆满。其一，是想在这喧嚣尘世中寻一处幽篁深处的静谧之所，不再执着于那虚妄的浮名，只求能执笔染墨，绘出心中那四季流转的真意，让笔端流淌的不仅是山水，
genagents,DNQBV1_009,next_turn,True,10.902,窗外忽起一阵寒鸦乱啼，惊得这茶肆檐下的风铃也跟着不安起来，莫非是那棋局之外，又有变数暗涌？若真有风波骤至，我必先稳住这方寸茶台，将那半卷残稿妥帖收好，断不可令心血付诸东流，此乃首要；随后，我会静候那风波止处，以不变应万变，审时度势再做绸缪。
genagents,DNQBV1_013,next_turn,True,5.002,首先，我必须去趟通讯室。不是为了求救——这鬼地方的无线电早就被那种低频噪音彻底撕碎了——而是为了把那些扭曲的声波录音备份到离线硬盘里。如果我死在这片冰原，至少得留下证据，证明我听到的不是幻觉，而是某种在物理法则边缘徘徊的东西。其次，我要重新
genagents,DNQBV1_013,next_turn,True,5.321,通风管道里传来了那种金属摩擦的尖锐声，不是风，是爪痕。它正在靠近，速度比我预想的要快得多。我的判断很明确：实验室的密封门挡不住它，我必须立刻撤向观测塔顶层的维修舱，那里有唯一的备用电源和高压气阀，是我仅剩的战术制高点。行动优先级：第一，抓起
genagents,DNQBV1_018,next_turn,True,5.919,眼下，我首要之事便是要去那公馆走一遭。那印章是我私物，断不会无故出现在此处，这背后必有引我入局的饵，我得赶在那些巡捕房的鹰犬嗅到气味之前，先一步探明虚实。其次，我必须寻到那位在电报局值守的老李。这乱码发出的时刻，正是他当值，若非他有意为之，
genagents,DNQBV1_018,next_turn,True,4.626,街角那辆黑色福特车已经停了三个小时了，熄了火，却没见人下车，这绝非巧合。看来那些盯着我不放的人，终于按捺不住了。我现在的优先级必须调整：第一，烧毁那份带印章的电文，绝不能让它成为呈堂证供；第二，从后窗翻出，走弄堂穿过法租界，去寻我那旧友避避
