benchmark_id,theme_id,theme,style_type,style_subtype,game_id,ref,candidate,ref_role,candidate_role,scene_json,dn_has_scene,dn_has_image,dn_option_count,dn_scene_prompt_polluted,dn_scene_text_non_empty,clip_i_score,dinov2_score,dreamsim_score,clip_i_z,dinov2_z,combined_similarity_z
DNQBV1_011,21,书院禁书风波,ink_painting,,game_1776587882_w82ibx,C:\Users\User\Desktop\DN-main\initial\main_character\game_1776587882_w82ibx\main_character.png,C:\Users\User\Desktop\DN-main\DN-experiment\game_1776587882_w82ibx\scene_00001.png,DN main_character image,DN first scene image,C:\Users\User\Desktop\DN-main\DN-experiment\game_1776587882_w82ibx\scene_00001.json,1,1,2,0,1,0.7477990984916687,0.4502163827419281,,2.0131,2.5414,2.2772
DNQBV1_017,24,近地轨道维修工,anime,,game_1776588294_zm4j6e,C:\Users\User\Desktop\DN-main\initial\main_character\game_1776588294_zm4j6e\main_character.png,C:\Users\User\Desktop\DN-main\DN-experiment\game_1776588294_zm4j6e\scene_00001.png,DN main_character image,DN first scene image,C:\Users\User\Desktop\DN-main\DN-experiment\game_1776588294_zm4j6e\scene_00001.json,1,1,2,0,1,0.7550397515296936,0.28699636459350586,,2.0909,1.0215,1.5562
DNQBV1_020,18,沙漠商队星图,oil_painting,classic_oil,game_1776588497_djxoei,C:\Users\User\Desktop\DN-main\initial\main_character\game_1776588497_djxoei\main_character.png,C:\Users\User\Desktop\DN-main\DN-experiment\game_1776588497_djxoei\scene_00001.png,DN main_character image,DN first scene image,C:\Users\User\Desktop\DN-main\DN-experiment\game_1776588497_djxoei\scene_00001.json,1,1,2,0,1,0.6348600387573242,0.29651498794555664,,0.7992,1.1101,0.9546
DNQBV1_003,19,都市天台养鸽人,realistic,,game_1776587232_m6ixbo,C:\Users\User\Desktop\DN-main\initial\main_character\game_1776587232_m6ixbo\main_character.png,C:\Users\User\Desktop\DN-main\DN-experiment\game_1776587232_m6ixbo\scene_00001.png,DN main_character image,DN first scene image,C:\Users\User\Desktop\DN-main\DN-experiment\game_1776587232_m6ixbo\scene_00001.json,1,1,2,0,1,0.5692741870880127,0.27575674653053284,,0.0943,0.9168,0.5055
DNQBV1_014,23,雨林部落预言,watercolor,,game_1776588083_6b5jnl,C:\Users\User\Desktop\DN-main\initial\main_character\game_1776588083_6b5jnl\main_character.png,C:\Users\User\Desktop\DN-main\DN-experiment\game_1776588083_6b5jnl\scene_00001.png,DN main_character image,DN first scene image,C:\Users\User\Desktop\DN-main\DN-experiment\game_1776588083_6b5jnl\scene_00001.json,1,1,2,0,1,0.6277247667312622,0.1764640063047409,,0.7225,-0.0078,0.3574
DNQBV1_002,9,末日温室园丁,realistic,,game_1776587183_45h8kv,C:\Users\User\Desktop\DN-main\initial\main_character\game_1776587183_45h8kv\main_character.png,C:\Users\User\Desktop\DN-main\DN-experiment\game_1776587183_45h8kv\scene_00001.png,DN main_character image,DN first scene image,C:\Users\User\Desktop\DN-main\DN-experiment\game_1776587183_45h8kv\scene_00001.json,1,1,2,0,1,0.5560738444328308,0.24755719304084778,,-0.0476,0.6542,0.3033
DNQBV1_018,6,民国电报迷案,oil_painting,impressionist,game_1776588347_d1mney,C:\Users\User\Desktop\DN-main\initial\main_character\game_1776588347_d1mney\main_character.png,C:\Users\User\Desktop\DN-main\DN-experiment\game_1776588347_d1mney\scene_00001.png,DN main_character image,DN first scene image,C:\Users\User\Desktop\DN-main\DN-experiment\game_1776588347_d1mney\scene_00001.json,1,1,2,0,1,0.6153079271316528,0.17833417654037476,,0.5891,0.0096,0.2994
DNQBV1_012,4,深海信标失联,watercolor,,game_1776587934_zhfq63,C:\Users\User\Desktop\DN-main\initial\main_character\game_1776587934_zhfq63\main_character.png,C:\Users\User\Desktop\DN-main\DN-experiment\game_1776587934_zhfq63\scene_00001.png,DN main_character image,DN first scene image,C:\Users\User\Desktop\DN-main\DN-experiment\game_1776587934_zhfq63\scene_00001.json,1,1,2,0,1,0.6031357645988464,0.17292457818984985,,0.4582,-0.0408,0.2087
DNQBV1_016,10,像素神殿考古,anime,,game_1776588226_0471xq,C:\Users\User\Desktop\DN-main\initial\main_character\game_1776588226_0471xq\main_character.png,C:\Users\User\Desktop\DN-main\DN-experiment\game_1776588226_0471xq\scene_00001.png,DN main_character image,DN first scene image,C:\Users\User\Desktop\DN-main\DN-experiment\game_1776588226_0471xq\scene_00001.json,1,1,2,0,1,0.5367388725280762,0.24096080660820007,,-0.2554,0.5928,0.1687
DNQBV1_013,11,北极科考站怪声,watercolor,,game_1776588011_3roxbx,C:\Users\User\Desktop\DN-main\initial\main_character\game_1776588011_3roxbx\main_character.png,C:\Users\User\Desktop\DN-main\DN-experiment\game_1776588011_3roxbx\scene_00001.png,DN main_character image,DN first scene image,C:\Users\User\Desktop\DN-main\DN-experiment\game_1776588011_3roxbx\scene_00001.json,1,1,2,0,1,0.5209144949913025,0.25619423389434814,,-0.4255,0.7346,0.1546
DNQBV1_019,12,维多利亚钟表匠,oil_painting,rococo,game_1776588423_drklyn,C:\Users\User\Desktop\DN-main\initial\main_character\game_1776588423_drklyn\main_character.png,C:\Users\User\Desktop\DN-main\DN-experiment\game_1776588423_drklyn\scene_00001.png,DN main_character image,DN first scene image,C:\Users\User\Desktop\DN-main\DN-experiment\game_1776588423_drklyn\scene_00001.json,1,1,2,0,1,0.606538712978363,0.11662749946117401,,0.4948,-0.565,-0.0351
DNQBV1_006,7,星际走私航线,cyberpunk,,game_1776587467_0wldxp,C:\Users\User\Desktop\DN-main\initial\main_character\game_1776587467_0wldxp\main_character.png,C:\Users\User\Desktop\DN-main\DN-experiment\game_1776587467_0wldxp\scene_00001.png,DN main_character image,DN first scene image,C:\Users\User\Desktop\DN-main\DN-experiment\game_1776587467_0wldxp\scene_00001.json,1,1,2,0,1,0.5347184538841248,0.1719612181186676,,-0.2771,-0.0497,-0.1634
DNQBV1_004,30,克隆体伦理庭,realistic,,game_1776587291_g61nmj,C:\Users\User\Desktop\DN-main\initial\main_character\game_1776587291_g61nmj\main_character.png,C:\Users\User\Desktop\DN-main\DN-experiment\game_1776587291_g61nmj\scene_00001.png,DN main_character image,DN first scene image,C:\Users\User\Desktop\DN-main\DN-experiment\game_1776587291_g61nmj\scene_00001.json,1,1,2,0,1,0.5285847187042236,0.0982859879732132,,-0.343,-0.7358,-0.5394
DNQBV1_010,8,古刹钟楼秘藏,ink_painting,,game_1776587800_zr43jo,C:\Users\User\Desktop\DN-main\initial\main_character\game_1776587800_zr43jo\main_character.png,C:\Users\User\Desktop\DN-main\DN-experiment\game_1776587800_zr43jo\scene_00001.png,DN main_character image,DN first scene image,C:\Users\User\Desktop\DN-main\DN-experiment\game_1776587800_zr43jo\scene_00001.json,1,1,2,1,1,0.5402283668518066,0.07181926816701889,,-0.2179,-0.9823,-0.6001
DNQBV1_015,5,魔法学院期末周,anime,,game_1776588151_ai7klf,C:\Users\User\Desktop\DN-main\initial\main_character\game_1776588151_ai7klf\main_character.png,C:\Users\User\Desktop\DN-main\DN-experiment\game_1776588151_ai7klf\scene_00001.png,DN main_character image,DN first scene image,C:\Users\User\Desktop\DN-main\DN-experiment\game_1776588151_ai7klf\scene_00001.json,1,1,2,0,1,0.5288503170013428,0.08163321763277054,,-0.3402,-0.8909,-0.6156
DNQBV1_007,20,意识上传遗嘱,cyberpunk,,game_1776587601_mk0unp,C:\Users\User\Desktop\DN-main\initial\main_character\game_1776587601_mk0unp\main_character.png,C:\Users\User\Desktop\DN-main\DN-experiment\game_1776587601_mk0unp\scene_00001.png,DN main_character image,DN first scene image,C:\Users\User\Desktop\DN-main\DN-experiment\game_1776587601_mk0unp\scene_00001.json,1,1,2,0,1,0.4665849804878235,0.11432832479476929,,-1.0094,-0.5864,-0.7979
DNQBV1_005,2,月球矿难七日,cyberpunk,,game_1776587363_tq7zgu,C:\Users\User\Desktop\DN-main\initial\main_character\game_1776587363_tq7zgu\main_character.png,C:\Users\User\Desktop\DN-main\DN-experiment\game_1776587363_tq7zgu\scene_00001.png,DN main_character image,DN first scene image,C:\Users\User\Desktop\DN-main\DN-experiment\game_1776587363_tq7zgu\scene_00001.json,1,1,2,0,1,0.47053131461143494,0.10558586567640305,,-0.967,-0.6678,-0.8174
DNQBV1_009,3,茶肆说书人,ink_painting,,game_1776587734_z42211,C:\Users\User\Desktop\DN-main\initial\main_character\game_1776587734_z42211\main_character.png,C:\Users\User\Desktop\DN-main\DN-experiment\game_1776587734_z42211\scene_00001.png,DN main_character image,DN first scene image,C:\Users\User\Desktop\DN-main\DN-experiment\game_1776587734_z42211\scene_00001.json,1,1,2,0,1,0.44139352440834045,0.025937175378203392,,-1.2801,-1.4095,-1.3448
DNQBV1_001,1,边陲驿站夜谈录,realistic,,game_1776587035_ymzifm,C:\Users\User\Desktop\DN-main\initial\main_character\game_1776587035_ymzifm\main_character.png,C:\Users\User\Desktop\DN-main\DN-experiment\game_1776587035_ymzifm\scene_00001.png,DN main_character image,DN first scene image,C:\Users\User\Desktop\DN-main\DN-experiment\game_1776587035_ymzifm\scene_00001.json,1,1,2,0,1,0.36521387100219727,0.0006413944065570831,,-2.0989,-1.6451,-1.872
