benchmark_id,theme_id,theme,style_type,style_subtype,game_id,ref,candidate,ref_role,candidate_role,scene_json
DNQBV1_001,1,边陲驿站夜谈录,realistic,,game_1776587035_ymzifm,C:\Users\User\Desktop\DN-main\initial\main_character\game_1776587035_ymzifm\main_character.png,C:\Users\User\Desktop\DN-main\DN-experiment\game_1776587035_ymzifm\scene_00001.png,DN main_character image,DN first scene image,C:\Users\User\Desktop\DN-main\DN-experiment\game_1776587035_ymzifm\scene_00001.json
DNQBV1_002,9,末日温室园丁,realistic,,game_1776587183_45h8kv,C:\Users\User\Desktop\DN-main\initial\main_character\game_1776587183_45h8kv\main_character.png,C:\Users\User\Desktop\DN-main\DN-experiment\game_1776587183_45h8kv\scene_00001.png,DN main_character image,DN first scene image,C:\Users\User\Desktop\DN-main\DN-experiment\game_1776587183_45h8kv\scene_00001.json
DNQBV1_003,19,都市天台养鸽人,realistic,,game_1776587232_m6ixbo,C:\Users\User\Desktop\DN-main\initial\main_character\game_1776587232_m6ixbo\main_character.png,C:\Users\User\Desktop\DN-main\DN-experiment\game_1776587232_m6ixbo\scene_00001.png,DN main_character image,DN first scene image,C:\Users\User\Desktop\DN-main\DN-experiment\game_1776587232_m6ixbo\scene_00001.json
DNQBV1_004,30,克隆体伦理庭,realistic,,game_1776587291_g61nmj,C:\Users\User\Desktop\DN-main\initial\main_character\game_1776587291_g61nmj\main_character.png,C:\Users\User\Desktop\DN-main\DN-experiment\game_1776587291_g61nmj\scene_00001.png,DN main_character image,DN first scene image,C:\Users\User\Desktop\DN-main\DN-experiment\game_1776587291_g61nmj\scene_00001.json
DNQBV1_005,2,月球矿难七日,cyberpunk,,game_1776587363_tq7zgu,C:\Users\User\Desktop\DN-main\initial\main_character\game_1776587363_tq7zgu\main_character.png,C:\Users\User\Desktop\DN-main\DN-experiment\game_1776587363_tq7zgu\scene_00001.png,DN main_character image,DN first scene image,C:\Users\User\Desktop\DN-main\DN-experiment\game_1776587363_tq7zgu\scene_00001.json
DNQBV1_006,7,星际走私航线,cyberpunk,,game_1776587467_0wldxp,C:\Users\User\Desktop\DN-main\initial\main_character\game_1776587467_0wldxp\main_character.png,C:\Users\User\Desktop\DN-main\DN-experiment\game_1776587467_0wldxp\scene_00001.png,DN main_character image,DN first scene image,C:\Users\User\Desktop\DN-main\DN-experiment\game_1776587467_0wldxp\scene_00001.json
DNQBV1_007,20,意识上传遗嘱,cyberpunk,,game_1776587601_mk0unp,C:\Users\User\Desktop\DN-main\initial\main_character\game_1776587601_mk0unp\main_character.png,C:\Users\User\Desktop\DN-main\DN-experiment\game_1776587601_mk0unp\scene_00001.png,DN main_character image,DN first scene image,C:\Users\User\Desktop\DN-main\DN-experiment\game_1776587601_mk0unp\scene_00001.json
DNQBV1_009,3,茶肆说书人,ink_painting,,game_1776587734_z42211,C:\Users\User\Desktop\DN-main\initial\main_character\game_1776587734_z42211\main_character.png,C:\Users\User\Desktop\DN-main\DN-experiment\game_1776587734_z42211\scene_00001.png,DN main_character image,DN first scene image,C:\Users\User\Desktop\DN-main\DN-experiment\game_1776587734_z42211\scene_00001.json
DNQBV1_010,8,古刹钟楼秘藏,ink_painting,,game_1776587800_zr43jo,C:\Users\User\Desktop\DN-main\initial\main_character\game_1776587800_zr43jo\main_character.png,C:\Users\User\Desktop\DN-main\DN-experiment\game_1776587800_zr43jo\scene_00001.png,DN main_character image,DN first scene image,C:\Users\User\Desktop\DN-main\DN-experiment\game_1776587800_zr43jo\scene_00001.json
DNQBV1_011,21,书院禁书风波,ink_painting,,game_1776587882_w82ibx,C:\Users\User\Desktop\DN-main\initial\main_character\game_1776587882_w82ibx\main_character.png,C:\Users\User\Desktop\DN-main\DN-experiment\game_1776587882_w82ibx\scene_00001.png,DN main_character image,DN first scene image,C:\Users\User\Desktop\DN-main\DN-experiment\game_1776587882_w82ibx\scene_00001.json
DNQBV1_012,4,深海信标失联,watercolor,,game_1776587934_zhfq63,C:\Users\User\Desktop\DN-main\initial\main_character\game_1776587934_zhfq63\main_character.png,C:\Users\User\Desktop\DN-main\DN-experiment\game_1776587934_zhfq63\scene_00001.png,DN main_character image,DN first scene image,C:\Users\User\Desktop\DN-main\DN-experiment\game_1776587934_zhfq63\scene_00001.json
DNQBV1_013,11,北极科考站怪声,watercolor,,game_1776588011_3roxbx,C:\Users\User\Desktop\DN-main\initial\main_character\game_1776588011_3roxbx\main_character.png,C:\Users\User\Desktop\DN-main\DN-experiment\game_1776588011_3roxbx\scene_00001.png,DN main_character image,DN first scene image,C:\Users\User\Desktop\DN-main\DN-experiment\game_1776588011_3roxbx\scene_00001.json
DNQBV1_014,23,雨林部落预言,watercolor,,game_1776588083_6b5jnl,C:\Users\User\Desktop\DN-main\initial\main_character\game_1776588083_6b5jnl\main_character.png,C:\Users\User\Desktop\DN-main\DN-experiment\game_1776588083_6b5jnl\scene_00001.png,DN main_character image,DN first scene image,C:\Users\User\Desktop\DN-main\DN-experiment\game_1776588083_6b5jnl\scene_00001.json
DNQBV1_015,5,魔法学院期末周,anime,,game_1776588151_ai7klf,C:\Users\User\Desktop\DN-main\initial\main_character\game_1776588151_ai7klf\main_character.png,C:\Users\User\Desktop\DN-main\DN-experiment\game_1776588151_ai7klf\scene_00001.png,DN main_character image,DN first scene image,C:\Users\User\Desktop\DN-main\DN-experiment\game_1776588151_ai7klf\scene_00001.json
DNQBV1_016,10,像素神殿考古,anime,,game_1776588226_0471xq,C:\Users\User\Desktop\DN-main\initial\main_character\game_1776588226_0471xq\main_character.png,C:\Users\User\Desktop\DN-main\DN-experiment\game_1776588226_0471xq\scene_00001.png,DN main_character image,DN first scene image,C:\Users\User\Desktop\DN-main\DN-experiment\game_1776588226_0471xq\scene_00001.json
DNQBV1_017,24,近地轨道维修工,anime,,game_1776588294_zm4j6e,C:\Users\User\Desktop\DN-main\initial\main_character\game_1776588294_zm4j6e\main_character.png,C:\Users\User\Desktop\DN-main\DN-experiment\game_1776588294_zm4j6e\scene_00001.png,DN main_character image,DN first scene image,C:\Users\User\Desktop\DN-main\DN-experiment\game_1776588294_zm4j6e\scene_00001.json
DNQBV1_018,6,民国电报迷案,oil_painting,impressionist,game_1776588347_d1mney,C:\Users\User\Desktop\DN-main\initial\main_character\game_1776588347_d1mney\main_character.png,C:\Users\User\Desktop\DN-main\DN-experiment\game_1776588347_d1mney\scene_00001.png,DN main_character image,DN first scene image,C:\Users\User\Desktop\DN-main\DN-experiment\game_1776588347_d1mney\scene_00001.json
DNQBV1_019,12,维多利亚钟表匠,oil_painting,rococo,game_1776588423_drklyn,C:\Users\User\Desktop\DN-main\initial\main_character\game_1776588423_drklyn\main_character.png,C:\Users\User\Desktop\DN-main\DN-experiment\game_1776588423_drklyn\scene_00001.png,DN main_character image,DN first scene image,C:\Users\User\Desktop\DN-main\DN-experiment\game_1776588423_drklyn\scene_00001.json
DNQBV1_020,18,沙漠商队星图,oil_painting,classic_oil,game_1776588497_djxoei,C:\Users\User\Desktop\DN-main\initial\main_character\game_1776588497_djxoei\main_character.png,C:\Users\User\Desktop\DN-main\DN-experiment\game_1776588497_djxoei\scene_00001.png,DN main_character image,DN first scene image,C:\Users\User\Desktop\DN-main\DN-experiment\game_1776588497_djxoei\scene_00001.json
