benchmark_id,theme,image,width,height,mean_rgb,std_rgb,black_ratio,white_ratio,file_size,auto_flag,path
DNQBV1_001,边陲驿站夜谈录,image_001.png,512,512,72.15,60.47,0.0,0.0,327120,,D:\Projects\DN\remote_baseline_results_20260430\outputs\storydiffusion_formal8\storydiffusion_formal8_unstable_20260430_1131\DNQBV1_001\image_001.png
DNQBV1_001,边陲驿站夜谈录,image_002.png,512,512,80.02,45.17,0.0,0.0,332591,,D:\Projects\DN\remote_baseline_results_20260430\outputs\storydiffusion_formal8\storydiffusion_formal8_unstable_20260430_1131\DNQBV1_001\image_002.png
DNQBV1_001,边陲驿站夜谈录,image_003.png,512,512,71.53,59.95,0.0,0.0,339305,,D:\Projects\DN\remote_baseline_results_20260430\outputs\storydiffusion_formal8\storydiffusion_formal8_unstable_20260430_1131\DNQBV1_001\image_003.png
DNQBV1_001,边陲驿站夜谈录,image_004.png,512,512,71.8,59.85,0.0,0.0,330154,,D:\Projects\DN\remote_baseline_results_20260430\outputs\storydiffusion_formal8\storydiffusion_formal8_unstable_20260430_1131\DNQBV1_001\image_004.png
DNQBV1_002,末日温室园丁,image_001.png,512,512,85.79,63.22,0.0,0.0,272470,,D:\Projects\DN\remote_baseline_results_20260430\outputs\storydiffusion_formal8\storydiffusion_formal8_unstable_20260430_1131\DNQBV1_002\image_001.png
DNQBV1_002,末日温室园丁,image_002.png,512,512,89.35,46.99,0.0,0.0,318612,,D:\Projects\DN\remote_baseline_results_20260430\outputs\storydiffusion_formal8\storydiffusion_formal8_unstable_20260430_1131\DNQBV1_002\image_002.png
DNQBV1_002,末日温室园丁,image_003.png,512,512,85.35,64.69,0.0,0.0,283005,,D:\Projects\DN\remote_baseline_results_20260430\outputs\storydiffusion_formal8\storydiffusion_formal8_unstable_20260430_1131\DNQBV1_002\image_003.png
DNQBV1_002,末日温室园丁,image_004.png,512,512,85.85,66.72,0.0,0.0,282829,,D:\Projects\DN\remote_baseline_results_20260430\outputs\storydiffusion_formal8\storydiffusion_formal8_unstable_20260430_1131\DNQBV1_002\image_004.png
DNQBV1_004,克隆体伦理庭,image_001.png,512,512,85.95,60.65,0.0,0.0,299246,,D:\Projects\DN\remote_baseline_results_20260430\outputs\storydiffusion_formal8\storydiffusion_formal8_unstable_20260430_1131\DNQBV1_004\image_001.png
DNQBV1_004,克隆体伦理庭,image_002.png,512,512,94.41,49.02,0.0,0.0,356549,,D:\Projects\DN\remote_baseline_results_20260430\outputs\storydiffusion_formal8\storydiffusion_formal8_unstable_20260430_1131\DNQBV1_004\image_002.png
DNQBV1_004,克隆体伦理庭,image_003.png,512,512,84.01,59.46,0.0,0.0,300922,,D:\Projects\DN\remote_baseline_results_20260430\outputs\storydiffusion_formal8\storydiffusion_formal8_unstable_20260430_1131\DNQBV1_004\image_003.png
DNQBV1_004,克隆体伦理庭,image_004.png,512,512,84.36,59.94,0.0,0.0,322347,,D:\Projects\DN\remote_baseline_results_20260430\outputs\storydiffusion_formal8\storydiffusion_formal8_unstable_20260430_1131\DNQBV1_004\image_004.png
DNQBV1_005,月球矿难七日,image_001.png,512,512,77.89,60.95,0.0,0.0,316055,,D:\Projects\DN\remote_baseline_results_20260430\outputs\storydiffusion_formal8\storydiffusion_formal8_unstable_20260430_1131\DNQBV1_005\image_001.png
DNQBV1_005,月球矿难七日,image_002.png,512,512,90.93,49.17,0.0,0.0,348565,,D:\Projects\DN\remote_baseline_results_20260430\outputs\storydiffusion_formal8\storydiffusion_formal8_unstable_20260430_1131\DNQBV1_005\image_002.png
DNQBV1_005,月球矿难七日,image_003.png,512,512,77.09,59.31,0.0,0.0,320040,,D:\Projects\DN\remote_baseline_results_20260430\outputs\storydiffusion_formal8\storydiffusion_formal8_unstable_20260430_1131\DNQBV1_005\image_003.png
DNQBV1_005,月球矿难七日,image_004.png,512,512,78.87,60.67,0.0,0.0,319912,,D:\Projects\DN\remote_baseline_results_20260430\outputs\storydiffusion_formal8\storydiffusion_formal8_unstable_20260430_1131\DNQBV1_005\image_004.png
DNQBV1_006,星际走私航线,image_001.png,512,512,105.59,59.36,0.0,0.0,358205,,D:\Projects\DN\remote_baseline_results_20260430\outputs\storydiffusion_formal8\storydiffusion_formal8_unstable_20260430_1131\DNQBV1_006\image_001.png
DNQBV1_006,星际走私航线,image_002.png,512,512,108.17,56.42,0.0,0.0,349048,,D:\Projects\DN\remote_baseline_results_20260430\outputs\storydiffusion_formal8\storydiffusion_formal8_unstable_20260430_1131\DNQBV1_006\image_002.png
DNQBV1_006,星际走私航线,image_003.png,512,512,103.36,58.65,0.0,0.0,358961,,D:\Projects\DN\remote_baseline_results_20260430\outputs\storydiffusion_formal8\storydiffusion_formal8_unstable_20260430_1131\DNQBV1_006\image_003.png
DNQBV1_006,星际走私航线,image_004.png,512,512,98.42,60.42,0.0,0.0,365247,,D:\Projects\DN\remote_baseline_results_20260430\outputs\storydiffusion_formal8\storydiffusion_formal8_unstable_20260430_1131\DNQBV1_006\image_004.png
DNQBV1_007,意识上传遗嘱,image_001.png,512,512,89.94,59.16,0.0,0.0,303256,,D:\Projects\DN\remote_baseline_results_20260430\outputs\storydiffusion_formal8\storydiffusion_formal8_unstable_20260430_1131\DNQBV1_007\image_001.png
DNQBV1_007,意识上传遗嘱,image_002.png,512,512,94.82,49.78,0.0,0.0,355098,,D:\Projects\DN\remote_baseline_results_20260430\outputs\storydiffusion_formal8\storydiffusion_formal8_unstable_20260430_1131\DNQBV1_007\image_002.png
DNQBV1_007,意识上传遗嘱,image_003.png,512,512,85.8,56.86,0.0,0.0,326499,,D:\Projects\DN\remote_baseline_results_20260430\outputs\storydiffusion_formal8\storydiffusion_formal8_unstable_20260430_1131\DNQBV1_007\image_003.png
DNQBV1_007,意识上传遗嘱,image_004.png,512,512,84.94,57.62,0.0,0.0,304210,,D:\Projects\DN\remote_baseline_results_20260430\outputs\storydiffusion_formal8\storydiffusion_formal8_unstable_20260430_1131\DNQBV1_007\image_004.png
DNQBV1_009,茶肆说书人,image_001.png,512,512,92.77,67.53,0.0015,0.0,271347,,D:\Projects\DN\remote_baseline_results_20260430\outputs\storydiffusion_formal8\storydiffusion_formal8_unstable_20260430_1131\DNQBV1_009\image_001.png
DNQBV1_009,茶肆说书人,image_002.png,512,512,86.56,56.2,0.0,0.0,338631,,D:\Projects\DN\remote_baseline_results_20260430\outputs\storydiffusion_formal8\storydiffusion_formal8_unstable_20260430_1131\DNQBV1_009\image_002.png
DNQBV1_009,茶肆说书人,image_003.png,512,512,92.16,66.53,0.0024,0.0,273085,,D:\Projects\DN\remote_baseline_results_20260430\outputs\storydiffusion_formal8\storydiffusion_formal8_unstable_20260430_1131\DNQBV1_009\image_003.png
DNQBV1_009,茶肆说书人,image_004.png,512,512,89.99,65.34,0.002,0.0,280200,,D:\Projects\DN\remote_baseline_results_20260430\outputs\storydiffusion_formal8\storydiffusion_formal8_unstable_20260430_1131\DNQBV1_009\image_004.png
DNQBV1_010,古刹钟楼秘藏,image_001.png,512,512,90.08,58.7,0.0,0.0,311394,,D:\Projects\DN\remote_baseline_results_20260430\outputs\storydiffusion_formal8\storydiffusion_formal8_unstable_20260430_1131\DNQBV1_010\image_001.png
DNQBV1_010,古刹钟楼秘藏,image_002.png,512,512,99.36,49.5,0.0,0.0,343887,,D:\Projects\DN\remote_baseline_results_20260430\outputs\storydiffusion_formal8\storydiffusion_formal8_unstable_20260430_1131\DNQBV1_010\image_002.png
DNQBV1_010,古刹钟楼秘藏,image_003.png,512,512,85.36,60.55,0.0,0.0,295295,,D:\Projects\DN\remote_baseline_results_20260430\outputs\storydiffusion_formal8\storydiffusion_formal8_unstable_20260430_1131\DNQBV1_010\image_003.png
DNQBV1_010,古刹钟楼秘藏,image_004.png,512,512,86.68,61.17,0.0,0.0,302761,,D:\Projects\DN\remote_baseline_results_20260430\outputs\storydiffusion_formal8\storydiffusion_formal8_unstable_20260430_1131\DNQBV1_010\image_004.png
