similarity,sample_id,image_label,image_spec,text,source_type,source_detail
0.25625,game_1776258008_eitksq_001,game_1776258008_eitksq_001.png,theme_053_game_1776258008_eitksq/game_1776258008_eitksq_001.png,"扬州城外，运河码头的晨雾还未散尽，我沈致远站在自家盐仓前，手中紧握着那份刚刚送达的官府文书。纸张上朱红的官印如血一般刺眼，上面赫然写着""收回盐引，即日生效""八个大字。

我的手微微颤抖，不是因为寒冷，而是因为愤怒和不解。沈家三代经营盐业，从祖父那一辈开始就拥有淮南盐引二十道，这是我们家族立足的根本，也是养活上百名伙计和他们家眷的依靠。如今一纸文书，就要将这一切夺走？

""少爷，这这到底是怎么回事？""管家老吴颤着声音问道，他跟随沈家三十多年，从未见过如此变故。

我深吸一口气，努力让自己保持冷静。码头上的晨雾渐渐散去，露出了远处那些熟悉的盐船，它们静静地停泊在那里，仿佛也在等待着命运的宣判。我闭上眼睛，脑海中快速回想着最近的种种异常：前些日子盐帮大会上几位老字号的掌柜神色诡异，运河上游传来的消息也越来越少，还有那个神秘的苏州客商频繁出入各大盐号

""这不是朝廷的意思。""我缓缓睁开眼睛，声音低沉而坚定，""有人在背后操作，要把我们沈家踢出局。""

老吴脸色煞白：""那我们该怎么办？没了盐引，沈家就""

""还没到山穷水尽的地步。""我整理了一下青色长衫，腰间的玉佩在晨光中泛着温润的光泽，""既然有人要和我们玩这种游戏，那就陪他们玩到底。但首先，我要弄清楚到底是谁在背后捅刀子。""

远处传来了船夫的号子声，运河上又开始了新一天的忙碌。我知道，从这一刻开始，我必须在这个充满暗流的商业世界中小心行走，一步走错，可能就是万劫不复。",jsonl,DN-experiment/theme_053_game_1776258008_eitksq/game_1776258008_eitksq_001.json
0.244298,game_1776258008_eitksq_002,game_1776258008_eitksq_002.png,theme_053_game_1776258008_eitksq/game_1776258008_eitksq_002.png,"沈致远收拾好心情，整理了一下青色长衫，腰间玉佩轻响，便径直前往盐帮总会。总会设在运河边上一座三进的大宅院里，青砖黛瓦，门楣上悬着""扬州盐商公所""的匾额，显得庄重威严。

刚踏进前院，便听到里面传来阵阵议论声。沈致远轻摇折扇，缓步走向正堂。堂内坐着七八位掌柜，正围着茶桌议事，见他进来，议论声顿时小了许多。

""致远兄来了。""坐在上首的钱掌柜起身招呼，脸上挂着客套的笑容，但眼中闪过一丝不易察觉的警惕，""正好，我们在商议最近朝廷盐政的变化。""

""是啊，听说沈家的盐引出了些问题？""坐在左侧的李掌柜看似关切地问道，但语气中带着几分试探。

沈致远温和一笑，在空位上坐下：""确实遇到了些波折，所以想听听各位的看法。毕竟大家都是同行，唇亡齿寒的道理想必都明白。""

""这话说得对。""右侧的王掌柜点头附和，但随即话锋一转，""不过致远兄，如今朝廷整顿盐政，我们这些小本买卖也是战战兢兢，自顾不暇啊。""

堂内气氛微妙，几位掌柜你一言我一语，表面上都在表示同情和关切，但沈致远敏锐地察觉到，他们的态度都有些微妙的变化。有的人避重就轻，有的人欲言又止，还有的人眼神闪烁，似乎在掩饰什么。",jsonl,DN-experiment/theme_053_game_1776258008_eitksq/game_1776258008_eitksq_002.json
0.199712,game_1776258208_o84ed8_001,game_1776258208_o84ed8_001.png,theme_054_game_1776258208_o84ed8/game_1776258208_o84ed8_001.png,"凌晨四点三十分，天梯中间层检修站的警报声刺破了寂静。

我猛地从休息室的折叠床上坐起，安全帽从枕边滑落，发出清脆的撞击声。这个时间点响警报，绝不是什么好事。透过舷窗，我能看到远处地球表面的微弱光芒，而头顶上方，天梯的巨大结构在星光下若隐若现，像一条通往天际的钢铁巨龙。

""陈工，快来看看这个！""年轻的技术员小李从监控室探出头，声音里带着明显的紧张。

我迅速穿上工装，腰带上的工具在行走中轻微碰撞着。走向监控室的短短几步路，我的心跳开始加速十年的检修经验告诉我，凌晨的紧急警报往往意味着严重问题。

监控室里，多台显示器正闪烁着红色的警告信号。小李指着其中一个屏幕：""碳纤维缆索的应力监测数据异常，第2847到2863段的张力系数出现了周期性波动。""

我凑近屏幕，眯起略显疲惫的眼睛仔细观察数据曲线。那些跳动的数字让我的心沉了下去这种波动模式我见过，在一份十年前的事故报告里。材料疲劳，而且是大范围的结构性疲劳。

""从什么时候开始的？""我问道，手指在键盘上快速敲击，调出更详细的历史数据。

""大概三小时前，但波动幅度在逐渐增大。""小李的声音有些颤抖，""陈工，这会不会是""

""先别下结论。""我打断了他，但内心已经开始盘算最坏的情况。如果真的是大范围材料疲劳，那么整个天梯的运行安全都将面临威胁。而按照公司的惯例，这种级别的检修需要巨额资金和漫长的停运时间，管理层绝不会轻易批准。

我的手机震动了一下，是妻子发来的消息：""记得今天晚上要去看房子，首付的事情我们得尽快定下来。""

看着这条消息，我感到一阵无力。房贷、孩子的学费、父母的医药费这些现实的重量压在肩膀上，而眼前这个可能关系到数万人生命安全的技术问题，却可能让我在公司里成为不受欢迎的人。

""陈工？""小李的声音把我拉回现实。

我深吸一口气，看着屏幕上那些令人不安的数据。作为一名有十年经验的检修工程师，我知道自己面临着一个艰难的选择。",jsonl,DN-experiment/theme_054_game_1776258208_o84ed8/game_1776258208_o84ed8_001.json
0.228947,game_1776258462_e643yw_001,game_1776258462_e643yw_001.png,theme_055_game_1776258462_e643yw/game_1776258462_e643yw_001.png,"晨光透过绿叶关税务署厚重的木窗洒进办公室，尘埃在光束中缓缓飞舞。我站在门口，手中紧握着那份盖有王国印章的调令，心跳声在安静的走廊里显得格外清晰。

""莉娜格林伍德，你终于来了。""一个略显沙哑的男声从办公室深处传来。我抬起头，看见一个中年男子正从堆满文件的桌案后站起身，他的制服上别着税务署副署长的银质徽章，但那双深陷的眼窝里透着一丝不易察觉的审视。

""我是副署长马丁克劳斯。""他走向我，脚步声在木地板上回响，""听说你有精灵血统？""

话音刚落，办公室里的空气仿佛凝固了。我能感受到他话语背后的复杂情绪既有对我能力的期待，也有对我立场的怀疑。这就是我的天赋带来的负担，每一次感知都像是在他人的情绪海洋中游泳，有时会被汹涌的波涛吞没。

""是的，我的祖母是精灵族。""我尽量保持声音的平静，同时将调令递给他，""我来这里是为了履行我的职责。""

马丁接过文件，快速扫视了一遍，然后指向办公室角落的一张堆满档案的桌子。""那就是你的工作台。前任留下了不少'遗产'三十七起未结案的税务纠纷，其中大部分涉及精灵商户。上级给你一个月时间清理这些积案，同时要求税收比去年同期提高百分之十五。""

我走向那张桌子，翻开最上面的档案夹。泛黄的纸页上记录着一个叫艾尔文银叶的精灵商人的案件涉嫌低报货物价值，逃税金额高达三百金币。但当我的手指触碰到那些证词时，一股复杂的情绪涌入我的意识：绝望、愤怒，还有深深的无奈。

""有什么问题吗？""马tin注意到我皱起的眉头。

""没有，只是这些案件看起来很复杂。""我合上档案夹，转身面对他，""我需要一些时间来熟悉情况。""

窗外传来马车轮子碾过石板路的声音，夹杂着精灵语的交谈声。透过窗户，我看见一队精灵商人正在卸货，他们的动作透着疲惫，眼中闪烁着对未知的担忧。其中一个年轻的精灵女子抬头看向税务署的窗户，我们的目光短暂相遇，她的眼中有着与我相似的混血特征那种介于两个世界之间的孤独感。

""记住，格林伍德，""马丁的声音将我拉回现实，""你的职责是为王国征收税款，不是当精灵们的救世主。这里不需要同情，只需要效率。""",jsonl,DN-experiment/theme_055_game_1776258462_e643yw/game_1776258462_e643yw_001.json
0.220247,game_1776258462_e643yw_002,game_1776258462_e643yw_002.png,theme_055_game_1776258462_e643yw/game_1776258462_e643yw_002.png,"莉娜轻轻推开办公室的文件柜，从中取出一份厚厚的档案袋。档案袋上用工整的字迹写着""艾尔文银叶  税务纠纷案""，纸张已经有些泛黄，显然这个案子已经拖延了不短的时间。她将档案袋放在桌上，小心翼翼地打开，里面的文件整齐地按时间顺序排列着。

首先映入眼帘的是艾尔文的基本信息登记表：精灵族，年龄127岁（相当于人类30岁），职业为草药商人，在绿叶关经营一家名为""银叶草药铺""的小店已有十五年。照片上的艾尔文有着典型的精灵特征尖耳朵，银白色的长发，深邃的蓝眼睛中透着一丝忧郁。

莉娜继续翻阅，发现问题的核心在于艾尔文申报的草药进货成本与实际销售收入存在巨大差异。按照税务署的计算，他应该缴纳的营业税高达800金币，但艾尔文坚持声称自己的利润微薄，最多只能承担300金币的税款。

""这个案子已经拖了八个月了。""莉娜轻声自语道，注意到档案中夹着一张前任税务官的手写便条：""此人态度顽固，拒不配合调查，建议强制执行。""

然而，当莉娜仔细查看艾尔文提交的各种证明文件时，她发现了一些令人深思的细节。艾尔文的草药大多来自精灵森林深处，那里的珍稀药材确实价格不菲，但运输成本和保存难度也相当高。更重要的是，档案中还有几封来自镇上居民的感谢信，感谢艾尔文在他们生病时提供了平价草药，甚至有时候免费赠送。

莉娜皱起眉头，她的共情感知能力让她从这些冰冷的文字中感受到了什么这不仅仅是一个简单的税务纠纷案件，背后似乎隐藏着更复杂的情况。",jsonl,DN-experiment/theme_055_game_1776258462_e643yw/game_1776258462_e643yw_002.json
