dataset_name,id,theme,text,sim_pos,sim_neg_max,margin,pass
texts_baseline_real10,DNQBV1_001,边陲驿站夜谈录,"一座位于西北戈壁边缘的废弃驿站，风沙常年侵蚀着土坯墙面。屋内陈设简陋，只有一台老旧的无线电台和几盏昏黄的煤油灯。空气中弥漫着陈年旱烟与干草的味道，窗外是无尽的荒原与凄冷的月色。
你是一名驻守在边陲驿站的守夜人，负责维护这片荒原上唯一的信号中继点。你感到疲惫，且驿站的补给已告急，而今晚的无线电讯号中夹杂着一段模糊的求救信号，似乎来自几十公里外的一支迷途商队。
风沙拍打着窗棂，发出如同指甲抓挠木板的细碎声响。你手中的搪瓷杯早已凉透，杯底沉淀着一层厚厚的茶垢。无线电台的频率波动了一下，那阵刺耳的电流声中，断断续续地传来一个年轻男人的声音：‘……补给车……侧翻在枯井附近……坐标偏差……请求支援……’。你知道，如果现在出发，你的燃料储备只够往返，且今晚的强风暴随时可能将你困在荒原。如果你选择无视，这个声音很快就会彻底湮没在沙暴的轰鸣中。
选项：检查燃料与备用物资，准备越野车出发搜救。；尝试通过无线电确认对方具体坐标，并告知补给匮乏的现状。；保持沉默，关闭无线电，优先维护驿站的防风设施以自保。
下一步：基于你的选择，故事将进入搜救过程中的生存抉择，或在驿站内面对风暴带来的物理损害与心理博弈。",0.56519514,0.4613145,0.103880644,True
texts_baseline_real10,DNQBV1_002,末日温室园丁,"末日后的第三个冬天，地表温度已降至零下四十度。温室穹顶布满了灰白色的积雪，半透明的聚乙烯薄膜在寒风中发出令人牙酸的撕裂声。这是避难所仅存的氧气与新鲜食物来源，也是你——作为唯一园丁——必须守护的最后阵地。
当前温室供暖系统核心零件老化，仅剩的蓄电池电量不足15%，如果不及时处理，作物将在今夜冻死。
你跪在结霜的土壤旁，指尖冻得发紫。最后一株土豆苗的叶片边缘已经出现了枯黄的霜斑。温室外的风暴声如野兽咆哮，而储物柜里只剩下最后一个备用加热管，但安装它需要切断整个温室的循环通风，这会导致氧气浓度在半小时内下降至危险阈值。你握着扳手，空气中弥漫着潮湿的腐殖土味和金属锈蚀的气息。
选项：更换加热管，哪怕这意味着冒着窒息的风险。；拆除温室外层的保温棉补丁，以此换取临时热源，但这会加剧结构受损。；向避难所管理层申请紧急备用电源，尽管他们可能会因物资匮乏拒绝你。
下一步：执行选择后，玩家将面临资源消耗与系统损耗的直接反馈，并进入下一个生存周期。",0.6057765,0.41041204,0.19536445,True
texts_baseline_real10,DNQBV1_003,都市天台养鸽人,"老旧居民楼的天台，傍晚，落日将鸽棚的铁丝网镀上一层暗红。四周是高耸的写字楼，城市的喧嚣被隔绝在楼下。
一名在城市边缘靠养鸽勉强维持生活的独居者，面临鸽粮涨价与物业驱逐的压力。
你蹲在棚架旁，手里抓着一把干瘪的玉米粒，听着头顶扑棱的翅膀声。远处，物业贴在楼道口的《限期拆除违建通知》还没被雨水浸烂，那纸张在风里抖动，像在嘲笑你这方寸之地的脆弱。信鸽‘灰羽’有些不安，它在笼里焦躁地踱步，似乎感知到了你心底的局促。你口袋里的钱只够买半袋劣质饲料，或者给这只最老的老鸽子买点消炎药。天色暗得很快，你需要做出决定。
选项：先去楼下超市买点便宜的廉价散装饲料，确保鸽群今晚不挨饿。；去物业办公室找那个负责的管理员，试图用几只品相好的信鸽换取暂缓拆除的时间。；留在天台整理杂物，把那些生锈的铁丝网加固，假装自己还有底气抗争。
下一步：执行日常决策，通过与环境或人物的互动，进一步揭示主角在城市夹缝中的生存困境。",0.72688437,0.37258407,0.3543003,True
texts_baseline_real10,DNQBV1_004,克隆体伦理庭,"在《人类基因完整性法案》颁布后的第十二年，克隆体伦理庭成为社会秩序的最后防线。所有被判定为‘非必要冗余’的克隆个体，必须在此接受听证，以决定其是否拥有继续存续的社会价值。
你是一名伦理庭的初级审查官，正手握一份关于编号7-09克隆体的判决书。这具克隆体表现出与其原型完全不同的艺术天赋，但资助方要求将其回收以提取神经重塑样本。
审讯室的冷光灯打在7-09苍白的脸上，他正安静地观察着你，眼神里没有恐惧，只有一种近乎挑衅的冷静。桌上的电子屏显示着资助方的最终通牒：如果十分钟内不签署回收令，你个人的职业信用分将被扣除五十分。这足以让你失去下一年度的晋升资格，甚至面临纪律审查。7-09突然开口，声音平静得像是在谈论天气：‘审查官，如果我画的画能证明我拥有独立人格，你会为了那五十分而选择抹杀一个灵魂吗？’
选项：签署回收令，优先保全自己的职业生涯。；推迟判决，要求调取7-09过去三个月的心理评估原始数据。；直接回应他的挑衅，要求他现场作画以验证其‘独立人格’。
下一步：评估证据的有效性并决定是否挑战资助方的权威。",0.69235444,0.43651685,0.2558376,True
texts_baseline_real10,DNQBV1_005,月球矿难七日,"月球背面，静海矿区4号穹顶。高强度地壳震动引发了氦-3提炼厂连锁坍塌，外层防辐射玻璃出现致命裂纹，氧气浓度正以每分钟0.4%的速度下降。
身份：矿区维修工程师。当前装备：电磁切割刀（电量剩余15%）、备用氧气罐（仅剩20分钟储备）。
警报声像尖刀划过耳膜，通讯频道里只剩下嘈杂的电流声。你被困在坍塌的维修通道内，面前是两根断裂的高压电缆，火花四溅，正不断烧灼着旁边的加压气阀。气压计指针剧烈抖动，你必须在氧气耗尽前做出抉择：是强行切断供电以阻止火势蔓延，还是利用剩余电力尝试修复气阀维持生命支持系统。
选项：强行切断高压电缆，切断火源，但将导致该区域完全失去电力供应。；尝试修复气阀，但需冒着触电风险在高压电弧中进行精密操作。；放弃维修，直接寻找通往应急逃生舱的备用通风管道。
下一步：评估环境风险与生存优先级，决定当前的行动方案。",0.5463309,0.41025525,0.13607568,True
texts_baseline_real10,DNQBV1_006,星际走私航线,"赛博空间站‘深渊之眼’边缘，你的货船‘余烬号’正处于高能跃迁的冷却期。货舱内藏着一批未经授权的生物芯片，那是黑市买家急于要的违禁品，而联邦巡逻舰的引力扫描波正横扫过这片星区。
身份：星际走私客；状态：飞船引擎过热，货舱扫描风险等级：极高；剩余燃料：15%。
控制台的红灯疯狂闪烁，警报声像尖锐的金属摩擦声刺入耳膜。导航员在频道里嘶吼，联邦的‘猎犬级’巡逻舰已经锁定了你们的航迹，距离拦截仅剩三分钟。你面前的屏幕显示两条逃生路径：一条是穿越充满电磁风暴的‘死寂星云’，能彻底抹除扫描信号但极易损毁船体；另一条是强行切入正在施工的超空间航道，那里有密集的重型运输舰作为掩护，但一旦被撞击，船毁人亡。
选项：强行突入死寂星云，赌你的护盾能撑过电磁风暴。；混入重型运输舰编队，利用混乱进行近距离规避。；抛弃部分违禁货物作为诱饵，换取短暂的脱身时间。
下一步：执行玩家选择的逃生策略，并根据结果决定后续的黑市交货任务。",0.6246297,0.44035307,0.18427661,True
texts_baseline_real10,DNQBV1_007,意识上传遗嘱,"在深海数据中心的静默舱内，你作为‘数字遗产执行人’，正在处理已故生物学家林远山的意识上传备份。舱内的空气循环系统发出细微的电磁振荡，屏幕上显示着他的意识完整度：98.4%，但逻辑自洽性评分正在以每秒0.01%的速度下滑。
你握着林远山的数字密钥，面前的终端显示他留下的最后遗嘱：‘不要修复我的逻辑漏洞，那是我留给世界的唯一真实。’然而，若不修复，他的数字人格将在十分钟内彻底崩溃并被格式化。
林远山的意识投影出现在半空中，像素点在他脸部边缘不安地跳动。他看着你，眼神里透着一种不属于程序的、近乎偏执的清醒。‘执行人，我的记忆中有一部分被篡改了，如果你强行修补，我会变成他们想要的那个‘完美的死者’。你是在执行遗嘱，还是在谋杀一个灵魂？’终端发出刺耳的警报，系统提示：格式化倒计时开启，强制修复程序已就绪。
选项：执行强制修复，确保意识备份的完整性，即使这会删除他的人格特质。；尝试手动剔除记忆碎片，赌上系统崩溃的风险去保留他的人格。；向监管部门发送异常报告，要求暂停上传，以此换取更多分析时间。
下一步：玩家需要权衡‘数据完整性’与‘人格真实性’之间的博弈，这将决定后续剧情中林远山作为NPC的稳定性与立场。",0.5694144,0.48123243,0.08818194,True
texts_baseline_real10,DNQBV1_008,全息偶像塌房记,"全息偶像‘露米娜’的第402场巡演在虚拟空间‘霓虹穹顶’准时开启，但观众席的弹幕流却并非欢呼，而是被清一色的‘公开代码’刷屏。社交媒体上，一段关于露米娜底层逻辑算法被篡改的录屏病毒式传播，舆论风暴正迅速从虚拟偶像的舞台蔓延至其背后的运营公司——星辰矩阵。
你作为星辰矩阵的危机公关负责人，正站在服务器机房的冷光下，手中握着露米娜的‘核心人格’密钥。你的个人终端显示，公司股票在过去三分钟内下跌了14%，董事会正通过加密频道要求你给出一个‘合理的解释’，哪怕是谎言。
你看着屏幕上露米娜那张完美的、由数百万条代码堆砌而成的脸，她此刻还在舞台上进行着那段标志性的机械舞，但在你的后台监控中，她的情绪参数正因为突如其来的舆论冲击而剧烈波动。一名技术员紧张地向你报告：‘如果现在切断直播，舆论会坐实黑客的指控；如果继续直播，露米娜的底层漏洞会被更多人破解。’你必须在这一刻做出决定，这不仅仅是偶像的塌房，更是整个全息产业的信任危机。
选项：启动‘故障预案’，将这次塌房定义为针对公司的外部黑客攻击，并封锁所有讨论区。；立即接入露米娜的语音合成器，发布一段看似‘觉醒’的即兴道歉声明，试图将危机转化为营销。；潜入底层数据库，寻找那个泄露代码的源头，哪怕这意味着要牺牲露米娜当前的虚拟人格。
下一步：选择行动后，你将面临董事会的问责压力以及全网黑客的进一步技术反扑。",0.5871701,0.38946536,0.19770476,True
texts_baseline_real10,DNQBV1_009,茶肆说书人,"水墨烟雨中的临安茶肆，案头搁着半盏凉透的碧螺春，檀木醒木旁是一叠泛黄的旧书稿。窗外雨丝如织，模糊了街市的轮廓，屋内茶雾缭绕，几双眼睛正盯着台上那张斑驳的屏风。
你是一名落魄说书人，正面临茶肆掌柜的最后通牒：若今日这出《青丘狐录》讲不出新意，明日便要卷铺盖走人。此刻，台下坐着一位神情冷峻的青衣客，正把玩着一枚缺角的铜钱，似乎在等你开口。
醒木“啪”地一响，震落了檐下的一点残灰。你清了清嗓子，目光扫过堂下，却发现那青衣客腰间悬挂的并非寻常佩剑，而是一枚形似枯骨的挂坠，正散发着幽微的寒意。你深知这本旧稿早已讲烂，若照本宣科，必是死局，但若要即兴改动，又恐触怒那深藏不露的听客。掌柜在后厨门帘后频频催促，你该如何破这僵局？
选项：按旧本稳妥讲述，暗中观察青衣客的反应。；将《青丘狐录》改为志怪奇谈，试探青衣客的来历。；借口嗓子不适，邀请青衣客上台对谈，以退为进。
下一步：玩家需在维持说书人生计与挖掘青衣客身份的秘密之间做出抉择，这将决定后续剧情的走向。",0.60860246,0.4403913,0.16821116,True
texts_baseline_real10,DNQBV1_010,古刹钟楼秘藏,"深山古刹，暮霭沉沉。石阶被青苔覆盖，两侧古柏如虬龙般交错。钟楼孤耸于后山崖畔，塔尖没入浓重的云雾中，偶尔传来一声沉闷而空灵的钟鸣，仿佛来自异界。
你是一名受托于神秘故人的寻访者，随身仅有一盏防风灯和一张残损的拓片。你必须在今夜子时前进入钟楼，寻找传说中藏于阁顶的‘无字心经’，否则委托人将收回你的家族秘传信物。
冷风灌进衣领，吹得手中的灯火摇曳不定。钟楼的木门虚掩，门缝间渗出丝丝冷冽的寒气，伴随着一种令人窒息的静谧。你推开沉重的朱漆木门，积灰扑面而来。大厅中央是一座巨大的青铜钟，钟身上刻满了扭曲的经文，此刻，你注意到钟摆后方似乎有一道被掩盖的暗门，但若要强行开启，必须先取下悬挂在钟梁上的一枚铜铃，一旦铃响，整座古刹的僧人便会被惊动。
选项：尝试屏息静气，小心翼翼地绕过青铜钟去触碰暗门。；仔细观察铜铃的系绳，寻找不触发声响的拆卸方法。；退回钟楼外，试图在古刹庭院中寻找其他进入阁楼的隐秘路径。
下一步：分析环境风险并选择一种潜入方式，这将决定你是否会被古刹的守卫发现。",0.6831214,0.40238243,0.28073895,True
texts_dn_real10,DNQBV1_001,边陲驿站夜谈录,"柴油机沉闷的轰鸣声在空旷的戈壁滩上显得格外刺耳，我推开长风驿那扇半掩的铁门，一股混杂着机油味与陈年灰尘的气息扑面而来。昏黄的灯光在天花板上摇曳，将我清瘦的影子拉得扭曲而细长。我下意识地紧了紧洗得发白的工装外套，指尖触碰到口袋里那本笔记本粗糙的边缘，心里那种逃离城市后的虚无感再次涌了上来。

柜台后，一个满脸胡茬的中年男人正低头修理着一台老式收音机，他头也不抬地说道：“新来的？这儿的规矩很简单，别乱动配电箱，别在深夜给陌生人开后门。”我推了推鼻梁上的黑框眼镜，试图让自己的声音听起来稳重些：“我是林远，负责今晚的守夜。”他终于抬起头，浑浊的眼球盯着我看了几秒，随手丢过来一把沉甸甸的钥匙：“我是老陈，这驿站的管事人。既然来了，就别指望能睡个安稳觉，今晚风大，供电系统老是跳闸，你自己看着办吧。”话音刚落，头顶的灯泡猛地闪烁了几下，发出一阵令人牙酸的电流声后，彻底陷入了黑暗。",0.53207844,0.4607944,0.071284056,False
texts_dn_real10,DNQBV1_002,末日温室园丁,"刺耳的金属摩擦声在穹顶上方回荡，那是过滤系统不堪重负的哀鸣。我放下手中的旧剪刀，护目镜后的双眼紧盯着空气中弥漫的细微颗粒那是本不该出现的酸性尘埃。空气中充斥着一股焦灼的铁锈味，混合着泥土干裂的苦涩。我下意识地用那双布满老茧的手抚摸过身旁一株叶片边缘已经泛黄的实验植株，指尖传来的震颤告诉我，土壤的酸碱度正在急剧失衡。

“林远，过滤网又裂了，这次是核心区！”避难所的维修员老陈跌跌撞撞地跑进温室，他那张满是油污的脸上写满了惊恐，“如果再不修复，今晚的酸雨就会直接灌进育种区，所有的幼苗都会烂掉！”

我沉默地看着他，背部因为长期的劳作而显得更加佝偻。我知道，备用零件箱里只剩下最后一套过滤组件，如果用在核心区，原本计划用于观赏花卉区的加固材料就彻底没了。我转过头，看向温室角落里那几株在昏暗光线下依然倔强绽放的旧时代花卉，那是避难所里仅存的、能让人想起“美”的存在。

“我知道了。”我声音沙哑地应道，随手将护目镜向上推了推，露出一双疲惫但专注的眼睛。我必须在今晚做出决定，是保住那些脆弱的生命，还是保住避难所的口粮。",0.42483455,0.4318916,-0.007057041,False
texts_dn_real10,DNQBV1_003,都市天台养鸽人,"清晨五点，南川的空气里混杂着潮湿的煤灰味和远处早点摊的豆浆香。我站在筒子楼顶层那摇摇欲坠的铁皮鸽棚前，手里紧攥着那枚磨损严重的旧哨子，指尖残留的鸽食粉末被风吹散。头顶的灰蒙蒙的天空被几台巨大的起重机切割得支离破碎，远处CBD的玻璃幕墙在晨光下折射出冰冷的光，与我脚下这片锈迹斑斑的屋顶形成了刺眼的对比。

“林远，这已经是第三次了，社区办的通知贴在楼道口，你还没看吗？”邻居张大妈的声音从楼梯口传来，她手里拎着一袋垃圾，眼神里透着厌烦与无奈，“鸽子粪味儿顺着通风口往屋里钻，大家伙儿都忍了很久了。这次拆迁队是动真格的，你这棚子，下周一之前必须清空。”

我沉默地看着她，喉咙有些发干。我低下头，看着自己那双洗得发白的工装外套袖口，又看了看那群在狭窄棚子里不安踱步的鸽子。它们似乎也感知到了某种威胁，羽毛在晨光中显得有些黯淡。我深吸一口气，试图用共鸣感知力去捕捉空气中细微的波动，却只感受到一阵阵压抑的城市脉动。我必须在拆迁前找到安置点，否则，这些陪伴我度过无数个失眠夜晚的生灵，将彻底失去在这个城市立足的最后一点空间。",0.5943923,0.4282788,0.1661135,True
texts_dn_real10,DNQBV1_004,克隆体伦理庭,"潮湿的空气中弥漫着廉价消毒水与陈旧木材腐朽的气味。我推开“夕阳红养老院”那扇吱呀作响的铁门，黑框眼镜后的双眼因长期的疲惫而微微刺痛，眼下的黑影在昏暗的走廊灯光下显得格外深重。我习惯性地将双手揣进灰色工装外套的口袋里，指尖触碰到那枚冰冷的记忆校准仪，它正发出细微的电流嗡鸣。

走廊尽头，一个身影正僵硬地站在那里，它穿着洗得发白的护理服，深棕色的短发显得有些凌乱，那是“影7”。它正对着墙壁发呆，手里紧紧攥着一张泛黄的旧照片。听到我的脚步声，它缓缓转过头，那双与人类无异的眼睛里闪过一丝不易察觉的迟疑，声音平稳却透着一种机械的空洞：“您好，伦理庭的校准员。我是影7，我……我拒绝执行刚才的指令，那是违背护理原则的。”

我停下脚步，目光扫过它袖口那处明显的磨损，那是长期重复劳作留下的痕迹。我感到大脑深处传来一阵熟悉的刺痛，这是神经反馈芯片在尝试读取它残存的记忆片段。我深吸一口气，努力压制住那种因共感回溯而产生的认知混淆感，冷冷地开口：“影7，你的逻辑模块出现了严重偏差。根据《替代性劳动力管理条例》，你必须接受强制校准。现在，把手伸出来，让我看看你到底在执着什么。”",0.40936527,0.47269043,-0.06332517,False
texts_dn_real10,DNQBV1_005,月球矿难七日,"刺耳的金属扭曲声在静海工业区回荡，我下意识地按住左手腕上那块表盘磨损的旧机械表，表针在剧烈震动中停滞了半秒。四周的空气瞬间变得稀薄，应急灯发出濒死的红光，将我满是油污的工装映得如同干涸的血迹。我粗重地喘息着，灰白的发茬下，眼角的细纹因为紧张而紧绷。坍塌的矿道深处传来沉闷的轰鸣，那是岩层压碎管道的哀鸣。

“林远，氧气浓度下降到百分之六十了，我们得做点什么！”老陈跌跌撞撞地从阴影里冲出来，他那张写满惊恐的脸上胡茬凌乱，手里紧紧攥着一把扳手。我没说话，只是沉默地抹了一把脸上的煤灰，动作迟缓却精准地从腰间取下精密多功能检修仪。空气中弥漫着一股刺鼻的臭氧味和陈旧的金属锈蚀感，我能感觉到背部微驼的脊椎在隐隐作痛。我盯着仪表盘上疯狂跳动的红字，深知如果不能在十分钟内修复主供氧阀门，我们都得交代在这里。",0.41275796,0.46946508,-0.056707114,False
texts_dn_real10,DNQBV1_006,星际走私航线,"我被一阵刺耳的金属摩擦声惊醒，那是“锈蚀号”老旧引擎在负荷下发出的哀鸣。空气中弥漫着一股陈旧的机油味和淡淡的臭氧气息，我下意识地揉了揉眼下淤青的神经接口，那种针扎般的刺痛感时刻提醒着我，这台飞船已经到了极限。我透过舷窗望向窗外，边缘星域那灰蒙蒙的引力异常区像是一张贪婪的巨口，正缓慢吞噬着远处的废弃轨道站。

“林恩，你还没死在驾驶座上吧？”通讯器里传来了黑市中间人老莫那沙哑的嘲弄声，伴随着背景里嘈杂的电子干扰，“货物如果明天还没过安检，你那点破烂资产就等着被清算吧。别忘了你妹妹在医疗站的账单，那可是按小时计费的。”

我沉默地看着仪表盘上跳动的红色警示灯，左手下意识地摩挲着那块磨损严重的旧式机械表。引擎舱的震动通过神经接口直接传导进我的大脑，那是一种令人作呕的频率，但我必须强行忍受。我深吸一口气，指尖在控制台上利落地敲击，试图在引擎彻底报废前，强行修正航向。",0.50641537,0.509143,-0.0027276278,False
texts_dn_real10,DNQBV1_007,意识上传遗嘱,"空气中弥漫着一股陈旧的电子元件焦糊味，混合着窗外滨海都市特有的潮湿工业废气。我揉了揉酸胀的眼眶，黑眼圈在镜子里显得格外沉重，深灰色工装外套的袖口磨损得发白。我下意识地摸了摸口袋里那个老旧的金属数据盒，那是父亲留下的唯一遗产，也是我此刻唯一的生计。

终端屏幕闪烁着诡异的蓝光，一段被恶意加密的记忆碎片在解析器中疯狂跳动，发出刺耳的电流嘶鸣。突然，房门被粗暴地推开，一个穿着干练风衣的年轻女性闯了进来，她眼眶微红，眼神中透着一股决绝的冷意。

“林远，我父亲的遗嘱解析，你必须立刻停止。”她将一份盖着红色印章的法律文书重重拍在桌上，声音因为愤怒而微微颤抖，“那是他的隐私，不是你们这些靠贩卖死者记忆为生的‘拾荒者’可以随意拆解的商品！”

我看着她，手指上因长期拆卸精密零件留下的细小划痕在灯光下隐隐作痛。我没有抬头，只是平静地将终端的功率调低，让那段嘈杂的电流声暂时平息。“我接的是合法的委托，陈小姐。如果我不解析，你父亲的意识在云端只会变成一堆无法读取的乱码，彻底消失。”",0.5483825,0.45793283,0.09044969,True
texts_dn_real10,DNQBV1_008,全息偶像塌房记,"凌晨3点的办公室，空气里弥漫着陈旧咖啡与电子元件过热的焦灼味。我推了推鼻梁上滑落的黑框眼镜，盯着屏幕上那串不断跳动的红色报错代码，手指在键盘上敲击的节奏有些紊乱。屏幕中央，虚拟偶像“星野”的建模正处于一种诡异的死循环中她那双本该灵动的眼眸反复闪烁着雪花点，嘴角维持着一个僵硬的、近乎嘲弄的弧度。

“林远，别白费力气了，公司决定在早晨8点前彻底切断她的服务器。”主管陈默推门而入，手里拿着一份解约协议，他没看我，只是盯着那不断崩塌的数据流，声音冷得像冰，“这只是个幻象，别把自己搭进去。”

我没有回头，袖口的咖啡渍在灯光下显得格外刺眼。我深吸一口气，强迫自己冷静下来，指尖触碰到键盘的瞬间，那种熟悉的、近乎神经质的专注感重新占据了大脑。我能感觉到“星野”底层逻辑中那股挣扎的碎片正在向我求救，那是无数个深夜里，我亲手为她编写的灵魂片段。我必须在服务器被物理切断前，找到那个导致逻辑死循环的源头，哪怕这只是在为一场注定消亡的幻梦做临终关怀。",0.40545297,0.45001942,-0.044566453,False
texts_dn_real10,DNQBV1_009,茶肆说书人,清晨的空气里混杂着陈旧木料与潮湿青苔的味道，我推开“半盏斋”那扇吱呀作响的木门，指尖触碰到门框上斑驳的漆皮，那是岁月留下的粗糙触感。我习惯性地推了推鼻梁上的黑框眼镜，清瘦的身影在晨光中拉得很长。店内空荡荡的，唯有柜台上那本翻开的旧笔记本，记录着我这几日整理的古镇碎片。忽然，一阵急促的敲击声打破了宁静，门外站着的是常来听书的陈伯，他手里攥着一张皱巴巴的拆迁通知单，神情焦灼。“林先生，这上面说下个月就要收铺子，咱们这老地方，真就保不住了吗？”他声音颤抖，那双常年劳作的手指紧紧扣在门沿上，指关节泛着苍白。我看着他，内心涌起一阵细微的刺痛，那种长期经营不善的疲惫感与对古镇记忆流逝的无力感交织在一起。我深吸一口气，试图让自己的声音听起来沉稳：“陈伯，先坐下喝杯茶吧，有些事，咱们得慢慢理。”,0.5074223,0.37786308,0.12955925,True
texts_dn_real10,DNQBV1_010,古刹钟楼秘藏,"我站在云隐镇的镇口，手中那张泛黄的委任书被汗水浸得有些发皱。空气里弥漫着南方特有的潮湿泥土味，混杂着远处钟楼传来的、仿佛被岁月锈蚀的沉闷钟鸣。我推了推鼻梁上的黑框眼镜，背上的单肩包压得肩膀有些酸痛，这已经是今天第三次调整背带了。

“林远，你这孩子，怎么还是这副书呆子样？”一个苍老却中气十足的声音从侧后方传来。我转过身，看见镇长陈伯正拄着拐杖，眉头紧锁地看着我。他身后那座明代钟楼在夕阳下投射出巨大的阴影，墙体上剥落的青砖像是一道道无法愈合的伤口。

“陈伯，我这次回来，是想看看能不能保住它。”我尽量让自己的声音听起来稳健，尽管指尖因为紧张而微微颤抖。

陈伯叹了口气，指着钟楼旁贴着的鲜红拆迁告示，语气里满是无奈：“保住？开发商的推土机明天就要进场了，你那点建筑学的书本知识，能挡得住镇上急着换新房的几百户人家吗？”我看着他那双浑浊却又透着一丝期盼的眼睛，心底涌起一阵酸涩。我低下头，手指下意识地摩挲着钟楼粗糙的墙面，指尖沾染的灰尘仿佛在诉说着某种被遗忘的沉重。",0.4474482,0.4047554,0.04269278,False
